id,customer_code,company_name,contact_first_name,contact_last_name,email,phone,address,city,state,country,industry,credit_limit,payment_terms_days,status,currency,created_at
479c8b3c-2e47-468c-bbaa-91a04bfc667f,CUST-0001,Prime Ltd,Uche,Hassan,uche.hassan@primeltd.com,+2347573341057,24 Admiralty Way,Warri,Abuja,Nigeria,Manufacturing,10000000,60,Active,NGN,2024-01-08
cd54a94c-404c-4fa1-84b8-1d3ef47abe5b,CUST-0002,Sterling Services,Quadri,Adeyemi,quadri.adeyemi@sterlingserv.com,+2348434335942,195 Admiralty Way,Ibadan,Delta,Nigeria,Banking,5000000,90,Active,NGN,2024-01-02
ad5277e2-ae9d-4a13-beab-d70dcd17643f,CUST-0003,Fortis Enterprises,Uche,Eze,uche.eze@fortisenterp.com,+2347556647119,68 Adeola Odeku St,Abuja,Abuja,Nigeria,Agriculture,500000,45,Active,NGN,2024-06-03
edcd06b9-68e3-4c92-b983-3db29f91f819,CUST-0004,Alpha Services,Jumoke,Emenike,jumoke.emenike@alphaservice.com,+2347962322047,18 Adeola Odeku St,Kano,Delta,Nigeria,Logistics,2000000,90,Active,NGN,2024-06-29
d7947465-b56a-495a-b28a-73df29d9b8f3,CUST-0005,Sterling Nigeria Limited,Halima,Chibueze,halima.chibueze@sterlingnige.com,+2347592694522,91 Admiralty Way,Kano,Oyo,Nigeria,Healthcare,20000000,45,Active,NGN,2024-04-04
42ba4020-410e-42ae-875a-62757316295a,CUST-0006,Vanguard Plc,Quadri,Udoh,quadri.udoh@vanguardplc.com,+2347439961380,176 Ozumba Mbadiwe,Port Harcourt,Ogun,Nigeria,Healthcare,5000000,45,Active,NGN,2024-02-26
7017fac8-24f5-4abd-9be7-2243f43db708,CUST-0007,Apex Group,Emeka,Adeleke,emeka.adeleke@apexgroup.com,+2347807730428,128 Marina Rd,Abuja,Kano,Nigeria,Banking,10000000,45,Active,NGN,2024-06-16
8acaf0a4-b4ac-485c-ac86-9c31b7b1a605,CUST-0008,Alpha & Sons,Tunde,Eze,tunde.eze@alphasons.com,+2347635408072,131 Marina Rd,Ibadan,Anambra,Nigeria,Logistics,5000000,45,Active,NGN,2024-02-05
0adb9285-011e-4b57-bf6a-979657d11c21,CUST-0009,Global Ltd,Jumoke,Eze,jumoke.eze@globalltd.com,+2348603684052,136 Ozumba Mbadiwe,Onitsha,Oyo,Nigeria,Manufacturing,5000000,60,Inactive,NGN,2024-04-29
e79240ad-7b56-4582-8628-1a478ed824a5,CUST-0010,Pacific Ltd,Jumoke,Victor,jumoke.victor@pacificltd.com,+2348375476583,185 Broad Street,Abuja,Kaduna,Nigeria,Telecommunications,5000000,30,Active,NGN,2024-01-01
e69eba4d-c160-4f35-8be1-d4c1815357eb,CUST-0011,Vanguard Services,Ngozi,Quadri,ngozi.quadri@vanguardserv.com,+2347276007072,200 Herbert Macaulay Way,Onitsha,Delta,Nigeria,Banking,1000000,45,Active,NGN,2024-05-18
f389dcc9-47c0-4f95-8571-dadc2a58b16b,CUST-0012,Zenith International,Yemi,Peters,yemi.peters@zenithintern.com,+2347042876828,22 Broad Street,Kano,Kaduna,Nigeria,Banking,500000,30,Inactive,NGN,2024-01-21
cc888c71-7eb1-40c3-8db4-4b2829fb3ea0,CUST-0013,Crown Plc,Mohammed,Zubairu,mohammed.zubairu@crownplc.com,+2347323154051,55 Herbert Macaulay Way,Warri,Edo,Nigeria,Oil & Gas,2000000,90,Inactive,NGN,2024-04-18
20b377ac-7a10-452e-be22-240dac77392f,CUST-0014,Pinnacle Nigeria Limited,Dayo,Victor,dayo.victor@pinnaclenige.com,+2348667264956,87 Adeola Odeku St,Warri,Edo,Nigeria,Healthcare,500000,30,Active,NGN,2024-01-17
6e2a0e75-3844-4c2f-a8c7-30b476606ae2,CUST-0015,Titan Services,Rasheed,Sanusi,rasheed.sanusi@titanservice.com,+2347561120642,132 Admiralty Way,Lagos,Abuja,Nigeria,Banking,500000,15,Active,NGN,2024-01-19
4b648393-bc1d-4a11-8f54-3556745f5e0f,CUST-0016,Vanguard Solutions,Patience,Rufai,patience.rufai@vanguardsolu.com,+2347338930103,111 Ozumba Mbadiwe,Benin City,Ogun,Nigeria,Agriculture,1000000,15,Active,NGN,2024-06-17
9cfd5cb3-1e42-437f-8bbe-39f266be5b5c,CUST-0017,Fortis Industries,Hassan,Chibueze,hassan.chibueze@fortisindust.com,+2348861908841,50 Admiralty Way,Lagos,Abuja,Nigeria,Agriculture,20000000,45,Active,NGN,2024-03-04
34229f02-4dbd-44d3-bebc-bb41443fb05b,CUST-0018,Pacific Solutions,Kunle,Nnamdi,kunle.nnamdi@pacificsolut.com,+2347465673212,167 Herbert Macaulay Way,Abeokuta,Edo,Nigeria,Manufacturing,5000000,90,Active,NGN,2024-01-13
4ce5b323-914f-4216-86ee-837f51c5a195,CUST-0019,Zenith Plc,Sade,Fashola,sade.fashola@zenithplc.com,+2348049147706,100 Ozumba Mbadiwe,Abeokuta,Edo,Nigeria,Agriculture,500000,30,Active,NGN,2024-01-01
cd4686f9-a859-4b17-a9a1-5c14914b7f5e,CUST-0020,Alpha Nigeria Limited,Femi,Williams,femi.williams@alphanigeria.com,+2348879164991,16 Broad Street,Abeokuta,Rivers,Nigeria,Telecommunications,1000000,15,Inactive,NGN,2024-05-18
f8b5a962-d060-412a-afab-fe9f9fda3cfd,CUST-0021,Eagle Ltd,Funke,Sanusi,funke.sanusi@eagleltd.com,+2348229436429,153 Adeola Odeku St,Port Harcourt,Delta,Nigeria,Technology,10000000,15,Active,NGN,2024-01-18
fb3886f3-2bd1-497d-abac-52adf560339e,CUST-0022,Sterling Industries,Jumoke,Dikko,jumoke.dikko@sterlingindu.com,+2348455130808,150 Herbert Macaulay Way,Onitsha,Anambra,Nigeria,Technology,10000000,15,Active,NGN,2024-06-17
432d99f2-3615-4107-a053-89a715a5e9af,CUST-0023,Emerald Enterprises,Tunde,Garba,tunde.garba@emeraldenter.com,+2348716271130,193 Adeola Odeku St,Kano,Ogun,Nigeria,Agriculture,1000000,45,Active,NGN,2024-03-21
69a13b93-f029-443d-a162-3956016f74a7,CUST-0024,Zenith Solutions,Ruth,Sanusi,ruth.sanusi@zenithsoluti.com,+2347252229110,63 Ozumba Mbadiwe,Abeokuta,Delta,Nigeria,Retail,2000000,30,Active,NGN,2024-01-18
f5b6aa92-888f-4bed-a1be-366d568a7e2a,CUST-0025,Quantum & Sons,Grace,Balogun,grace.balogun@quantumsons.com,+2348396075395,27 Admiralty Way,Warri,Anambra,Nigeria,Technology,20000000,90,Active,NGN,2024-06-18
a3d16422-dd97-454c-81d2-e556e2c09848,CUST-0026,Vanguard Plc,Ibrahim,Yakubu,ibrahim.yakubu@vanguardplc.com,+2348413607983,163 Ozumba Mbadiwe,Kano,Kano,Nigeria,Logistics,1000000,45,Active,NGN,2024-06-24
ee26903c-baed-4906-9bd2-12011468ca67,CUST-0027,Emerald Solutions,Tunde,Dikko,tunde.dikko@emeraldsolut.com,+2347132548511,68 Admiralty Way,Kano,Oyo,Nigeria,Technology,500000,45,Active,NGN,2024-06-12
5d24391f-c21a-44cd-b2d9-4058bfcd3c8e,CUST-0028,Alpha Services,Femi,Rufai,femi.rufai@alphaservice.com,+2347022876932,38 Marina Rd,Port Harcourt,Abuja,Nigeria,Retail,500000,45,Inactive,NGN,2024-05-21
ac3dbb90-7fff-4030-bfea-528e20cfef4e,CUST-0029,Atlantic Ltd,Wale,Lawal,wale.lawal@atlanticltd.com,+2349031669324,105 Herbert Macaulay Way,Abeokuta,Kaduna,Nigeria,Banking,20000000,15,Active,NGN,2024-05-23
b67a946d-7b12-4726-9a0d-4ffb120e8b90,CUST-0030,Atlantic Group,Musa,Adeleke,musa.adeleke@atlanticgrou.com,+2349073970445,189 Admiralty Way,Lagos,Oyo,Nigeria,Oil & Gas,20000000,45,Active,NGN,2024-06-20
9c3ba466-1039-47f3-aed6-813a056ce0bf,CUST-0031,Vanguard & Sons,Ibrahim,Madu,ibrahim.madu@vanguardsons.com,+2347098896868,7 Broad Street,Abeokuta,Ogun,Nigeria,Healthcare,2000000,45,Active,NGN,2024-02-27
e9ff30a3-2bc0-437d-9df5-c91c9421aa62,CUST-0032,Pinnacle Industries,Zainab,Igwe,zainab.igwe@pinnacleindu.com,+2347175682940,30 Ozumba Mbadiwe,Warri,Kaduna,Nigeria,Agriculture,20000000,90,Active,NGN,2024-01-08
3577458c-3083-4784-ba8f-64ec089e2c6a,CUST-0033,Heritage International,Tunde,Bakare,tunde.bakare@heritageinte.com,+2347278290770,148 Admiralty Way,Kaduna,Kaduna,Nigeria,Agriculture,10000000,90,Active,NGN,2024-04-08
65c76632-7a40-420a-aa11-ba26e7897d1f,CUST-0034,Vanguard Ltd,Femi,Adeyemi,femi.adeyemi@vanguardltd.com,+2348334305700,170 Adeola Odeku St,Ibadan,Kaduna,Nigeria,Manufacturing,20000000,45,Inactive,NGN,2024-03-21
0b5c0700-dd45-4e93-b18b-0541e0fb060a,CUST-0035,Quantum Services,Wale,Victor,wale.victor@quantumservi.com,+2348046472441,98 Broad Street,Kano,Oyo,Nigeria,Retail,1000000,30,Active,NGN,2024-06-19
2cf35597-dd97-494f-a51b-ceaf10b579ab,CUST-0036,Heritage International,Olu,Johnson,olu.johnson@heritageinte.com,+2348031006810,83 Marina Rd,Kano,Kano,Nigeria,Banking,5000000,90,Inactive,NGN,2024-06-16
1e22d29a-b26d-421f-847d-7dc5d1418219,CUST-0037,Alpha Solutions,Patience,Quadri,patience.quadri@alphasolutio.com,+2348213846949,193 Admiralty Way,Kano,Abuja,Nigeria,Retail,20000000,90,Active,NGN,2024-01-24
e5af2990-0c72-49c5-b8a2-e9a9c926d3cc,CUST-0038,Quantum Group,Olumide,Eze,olumide.eze@quantumgroup.com,+2347061775337,148 Admiralty Way,Benin City,Ogun,Nigeria,Logistics,500000,60,Active,NGN,2024-06-10
8b24ae0f-689d-4384-913d-0df06e9f217e,CUST-0039,Nexus Solutions,Dayo,Hassan,dayo.hassan@nexussolutio.com,+2347371093026,143 Admiralty Way,Ibadan,Abuja,Nigeria,Banking,1000000,90,Active,NGN,2024-01-13
3eb3fa4e-751b-465b-a46b-d0a2c29e0f5e,CUST-0040,Prime Solutions,Kunle,Adeleke,kunle.adeleke@primesolutio.com,+2348189910914,141 Marina Rd,Onitsha,Delta,Nigeria,Construction,5000000,90,Active,NGN,2024-04-19
710e76b3-ad61-4a77-920b-331a50b0b398,CUST-0041,Heritage Solutions,Grace,Igwe,grace.igwe@heritagesolu.com,+2348925147994,20 Broad Street,Warri,Kano,Nigeria,Healthcare,20000000,30,Active,NGN,2024-04-22
a5aae472-63b0-44f7-976c-6cc4574fbd40,CUST-0042,Quantum Group,Uche,Kalu,uche.kalu@quantumgroup.com,+2347812351868,107 Marina Rd,Port Harcourt,Rivers,Nigeria,Banking,5000000,30,Active,NGN,2024-01-17
25dfb6ac-68e9-493c-9aa6-83e9f68bf070,CUST-0043,Eagle Services,Hassan,Nnamdi,hassan.nnamdi@eagleservice.com,+2347154470105,123 Adeola Odeku St,Ibadan,Oyo,Nigeria,Logistics,20000000,15,Inactive,NGN,2024-04-07
3491d48b-f299-40f7-bf4a-8068b432d27e,CUST-0044,Summit Nigeria Limited,Chidi,Chibueze,chidi.chibueze@summitnigeri.com,+2348074700025,87 Broad Street,Abeokuta,Edo,Nigeria,Telecommunications,5000000,60,Active,NGN,2024-04-09
fc902ae4-414c-44d4-846d-52783d1a4405,CUST-0045,Nexus & Sons,Hassan,Emenike,hassan.emenike@nexussons.com,+2347329961107,110 Admiralty Way,Ibadan,Lagos,Nigeria,Logistics,10000000,15,Active,NGN,2024-06-13
f3ee339f-4510-4731-9576-d5236832035b,CUST-0046,Alpha & Sons,Funke,Igwe,funke.igwe@alphasons.com,+2347976492066,65 Adeola Odeku St,Benin City,Ogun,Nigeria,Construction,2000000,60,Active,NGN,2024-04-17
eab262ed-a877-4706-841b-40b251a0b053,CUST-0047,Crown Ltd,Mohammed,Bakare,mohammed.bakare@crownltd.com,+2347894761823,40 Admiralty Way,Lagos,Abuja,Nigeria,Technology,1000000,30,Active,NGN,2024-06-08
824900e9-b58b-484d-b397-6e812e40db57,CUST-0048,Atlantic Solutions,Jumoke,Sanusi,jumoke.sanusi@atlanticsolu.com,+2347558801975,80 Adeola Odeku St,Kaduna,Kano,Nigeria,Oil & Gas,10000000,90,Active,NGN,2024-02-11
4fd6da5c-a06e-485e-9cd6-fb00b6a1af4b,CUST-0049,Titan Ltd,Wale,Sanusi,wale.sanusi@titanltd.com,+2348737296605,198 Ozumba Mbadiwe,Abeokuta,Oyo,Nigeria,Manufacturing,10000000,30,Active,NGN,2024-06-27
8b310d9f-544d-4032-bf96-70f9855c78b0,CUST-0050,Coral Plc,Olu,Adeleke,olu.adeleke@coralplc.com,+2347106825112,108 Marina Rd,Ibadan,Delta,Nigeria,Construction,500000,90,Active,NGN,2024-01-04
483fb7fc-8c88-4cff-b58f-55838a20a49b,CUST-0051,Prime Industries,Bola,Udoh,bola.udoh@primeindustr.com,+2348173566765,199 Marina Rd,Port Harcourt,Oyo,Nigeria,Retail,20000000,45,Inactive,NGN,2024-05-17
b9c98442-9b8e-4fc4-8e78-27e05254c1ad,CUST-0052,Alpha Industries,Precious,Igwe,precious.igwe@alphaindustr.com,+2347825118725,172 Marina Rd,Kano,Abuja,Nigeria,Healthcare,1000000,60,Inactive,NGN,2024-06-05
87fe155c-659c-4682-9214-b8ee8454c1a5,CUST-0053,Eagle Ltd,Janet,Chibueze,janet.chibueze@eagleltd.com,+2347834050766,180 Ozumba Mbadiwe,Abeokuta,Edo,Nigeria,Construction,2000000,45,Active,NGN,2024-06-01
f9cc684f-95b9-4168-ac09-d5a0e8747779,CUST-0054,Pacific Ltd,Lola,Garba,lola.garba@pacificltd.com,+2347215049282,5 Adeola Odeku St,Benin City,Oyo,Nigeria,Retail,1000000,60,Active,NGN,2024-04-24
4fa2a03e-d71f-4589-a857-b01e9681c3ae,CUST-0055,Quantum Group,Dayo,Williams,dayo.williams@quantumgroup.com,+2347626137284,191 Herbert Macaulay Way,Kaduna,Anambra,Nigeria,Healthcare,10000000,90,Active,NGN,2024-04-18
56748eb5-0f82-4067-ad1c-4a5a6a66a338,CUST-0056,Eagle Enterprises,Hassan,Igwe,hassan.igwe@eagleenterpr.com,+2347785217853,48 Admiralty Way,Abuja,Ogun,Nigeria,Banking,2000000,15,Active,NGN,2024-06-25
9d84ec56-6de8-4ba0-a474-92d0a0d3c775,CUST-0057,Pinnacle Solutions,Uche,Yakubu,uche.yakubu@pinnaclesolu.com,+2348509801946,46 Ozumba Mbadiwe,Kano,Anambra,Nigeria,Manufacturing,1000000,45,Active,NGN,2024-04-02
a44e1187-5faa-4a93-9116-38f8d25df55d,CUST-0058,Zenith Services,Kunle,Igwe,kunle.igwe@zenithservic.com,+2347111914794,147 Ozumba Mbadiwe,Kano,Delta,Nigeria,Oil & Gas,20000000,60,Active,NGN,2024-01-04
2f0091ff-529b-4f38-b190-3576931bac91,CUST-0059,Crown Solutions,Grace,Kalu,grace.kalu@crownsolutio.com,+2347471861958,148 Broad Street,Benin City,Kano,Nigeria,Manufacturing,500000,60,Active,NGN,2024-01-19
a2d2d5a1-401b-4a0c-8aac-decf5e9607f4,CUST-0060,Apex & Sons,Latifah,Adeleke,latifah.adeleke@apexsons.com,+2348446097514,159 Admiralty Way,Abeokuta,Abuja,Nigeria,Manufacturing,10000000,60,Inactive,NGN,2024-06-01
ffb08e9c-097f-4572-8975-4e01e3f227a9,CUST-0061,Emerald Industries,Grace,Emenike,grace.emenike@emeraldindus.com,+2348135988757,190 Adeola Odeku St,Ibadan,Anambra,Nigeria,Telecommunications,10000000,90,Active,NGN,2024-06-05
e9eafde2-b57e-4e8f-a5d9-89c79f8b1527,CUST-0062,Pinnacle Group,Tunde,Victor,tunde.victor@pinnaclegrou.com,+2347203634980,116 Broad Street,Port Harcourt,Ogun,Nigeria,Retail,500000,30,Active,NGN,2024-04-14
d4b21dba-812b-4dc6-aa47-389db0d5b1dc,CUST-0063,Coral Solutions,Vivian,Bakare,vivian.bakare@coralsolutio.com,+2347595833597,151 Broad Street,Benin City,Kano,Nigeria,Manufacturing,20000000,30,Active,NGN,2024-06-09
75a8f7d6-2a74-4ed7-9344-2ecb16a5f246,CUST-0064,Pinnacle Industries,Jumoke,Rufai,jumoke.rufai@pinnacleindu.com,+2347573499627,192 Herbert Macaulay Way,Port Harcourt,Kano,Nigeria,Manufacturing,500000,30,Active,NGN,2024-06-01
a9ab1897-895b-42d5-9e4b-120182b77c27,CUST-0065,Quantum Solutions,Jumoke,Okafor,jumoke.okafor@quantumsolut.com,+2348766101803,154 Adeola Odeku St,Kano,Oyo,Nigeria,Retail,10000000,60,Active,NGN,2024-01-21
f85057c2-8d9e-447c-8dae-a085b035feeb,CUST-0066,Fortis Enterprises,Quadri,Igwe,quadri.igwe@fortisenterp.com,+2347062532210,196 Admiralty Way,Onitsha,Ogun,Nigeria,Logistics,500000,45,Inactive,NGN,2024-01-11
79238333-c67d-4142-a4d8-041fbd4e0546,CUST-0067,Crown Services,Grace,Emenike,grace.emenike@crownservice.com,+2347714044882,86 Ozumba Mbadiwe,Ibadan,Anambra,Nigeria,Healthcare,500000,60,Active,NGN,2024-04-14
9c03f8ec-7882-46cd-a59e-0451e7306f14,CUST-0068,Prime & Sons,Zainab,Nnamdi,zainab.nnamdi@primesons.com,+2348779312590,65 Ozumba Mbadiwe,Ibadan,Kano,Nigeria,Retail,500000,60,Active,NGN,2024-03-21
94fda046-690b-4691-a125-ad9545761f1b,CUST-0069,Prime Industries,Kehinde,Balogun,kehinde.balogun@primeindustr.com,+2347008750676,161 Marina Rd,Lagos,Oyo,Nigeria,Banking,10000000,45,Inactive,NGN,2024-05-07
d348a1bb-318b-4b98-af90-2ba92a3e55d3,CUST-0070,Apex Group,Uche,Rufai,uche.rufai@apexgroup.com,+2347335832327,41 Ozumba Mbadiwe,Benin City,Edo,Nigeria,Manufacturing,500000,90,Active,NGN,2024-06-30
d1994f5b-ee98-4143-bdfd-e7e6db6f4f44,CUST-0071,Pacific Ltd,Nneka,Nnamdi,nneka.nnamdi@pacificltd.com,+2347234769851,131 Broad Street,Benin City,Abuja,Nigeria,Manufacturing,20000000,30,Active,NGN,2024-03-15
d4b21597-6079-49e0-b58c-e7a2fecbdc28,CUST-0072,Vanguard Industries,Ifeanyi,Peters,ifeanyi.peters@vanguardindu.com,+2347628663605,18 Ozumba Mbadiwe,Port Harcourt,Delta,Nigeria,Agriculture,1000000,90,Active,NGN,2024-02-04
16edeaa9-5f15-4dbd-968e-ff8d1060940f,CUST-0073,Fortis Enterprises,Kehinde,Igwe,kehinde.igwe@fortisenterp.com,+2347005745250,138 Marina Rd,Onitsha,Kano,Nigeria,Logistics,20000000,60,Active,NGN,2024-04-24
77b35263-7c72-46ad-a18b-bbfd959b6772,CUST-0074,Summit Enterprises,Nneka,Zubairu,nneka.zubairu@summitenterp.com,+2348397328534,60 Marina Rd,Kaduna,Edo,Nigeria,Banking,20000000,30,Inactive,NGN,2024-04-08
df487315-ed94-4e07-8199-a9aa73407085,CUST-0075,Apex Enterprises,Ifeanyi,Williams,ifeanyi.williams@apexenterpri.com,+2349077395997,85 Adeola Odeku St,Port Harcourt,Oyo,Nigeria,Healthcare,500000,30,Active,NGN,2024-05-31
999ae8e2-ffd7-411d-9a2f-dc1994bd01e2,CUST-0076,Alpha Plc,Lola,Emenike,lola.emenike@alphaplc.com,+2348161257489,160 Broad Street,Ibadan,Rivers,Nigeria,Oil & Gas,500000,60,Active,NGN,2024-03-27
a62320f7-80c4-4ac9-9b52-ce2a08655ffa,CUST-0077,Nexus Plc,Zainab,Chibueze,zainab.chibueze@nexusplc.com,+2348729952696,61 Broad Street,Kaduna,Oyo,Nigeria,Healthcare,10000000,15,Inactive,NGN,2024-01-18
e62756cc-2100-42a9-8f27-4a1dfafabe0c,CUST-0078,Quantum Group,Halima,Nnamdi,halima.nnamdi@quantumgroup.com,+2347252686231,76 Ozumba Mbadiwe,Port Harcourt,Edo,Nigeria,Telecommunications,500000,15,Active,NGN,2024-01-15
a7138888-426d-41b0-a508-1f631c22d202,CUST-0079,Summit Industries,Latifah,Hassan,latifah.hassan@summitindust.com,+2348357913081,159 Broad Street,Port Harcourt,Anambra,Nigeria,Oil & Gas,1000000,15,Inactive,NGN,2024-04-07
3dc5c4e2-6f88-4558-a52a-37222fa05e28,CUST-0080,Sterling Solutions,Precious,Eze,precious.eze@sterlingsolu.com,+2347598736811,174 Herbert Macaulay Way,Benin City,Kano,Nigeria,Telecommunications,20000000,15,Active,NGN,2024-03-14
9ca23c17-d5b2-4658-9d84-10e792e83f25,CUST-0081,Heritage Plc,Grace,Lawal,grace.lawal@heritageplc.com,+2348506018975,28 Admiralty Way,Kano,Oyo,Nigeria,Healthcare,2000000,30,Active,NGN,2024-05-03
a957a47f-4d9e-4684-bc09-3a06973defc1,CUST-0082,Nexus International,Aisha,Sanusi,aisha.sanusi@nexusinterna.com,+2347755953150,191 Marina Rd,Ibadan,Lagos,Nigeria,Telecommunications,500000,90,Active,NGN,2024-06-04
7b41f403-7efa-4d17-b64a-e2c778f628d0,CUST-0083,Quantum Group,Quadri,Adeleke,quadri.adeleke@quantumgroup.com,+2347904674286,166 Adeola Odeku St,Onitsha,Ogun,Nigeria,Telecommunications,20000000,30,Active,NGN,2024-06-09
e4a33f19-3509-42dd-9c8e-15ac115413c9,CUST-0084,Quantum Solutions,Emeka,Sanusi,emeka.sanusi@quantumsolut.com,+2347933204724,34 Herbert Macaulay Way,Kano,Abuja,Nigeria,Construction,20000000,60,Active,NGN,2024-02-21
a933b5ef-65f7-4d62-8e1b-fe523f7199cd,CUST-0085,Summit Services,Kehinde,Emenike,kehinde.emenike@summitservic.com,+2347693760597,20 Admiralty Way,Benin City,Kano,Nigeria,Telecommunications,20000000,45,Active,NGN,2024-04-29
0e85404f-8251-406e-8731-cf247e565d72,CUST-0086,Sterling Industries,Nneka,Lawal,nneka.lawal@sterlingindu.com,+2347237619862,192 Broad Street,Kano,Lagos,Nigeria,Retail,500000,60,Active,NGN,2024-06-21
0681dbba-9802-4c2f-93bb-d0a737d6ac70,CUST-0087,Vanguard International,Chidi,Balogun,chidi.balogun@vanguardinte.com,+2348637232293,157 Admiralty Way,Abeokuta,Abuja,Nigeria,Healthcare,500000,90,Active,NGN,2024-03-24
ac4fa8c5-fe31-434a-8502-ae46f1b7fd9d,CUST-0088,Global Solutions,Wale,Udoh,wale.udoh@globalsoluti.com,+2348042957497,61 Herbert Macaulay Way,Lagos,Rivers,Nigeria,Technology,2000000,60,Active,NGN,2024-01-25
5112b9df-6957-4053-baa2-92476c915791,CUST-0089,Atlantic Industries,Hassan,Lawal,hassan.lawal@atlanticindu.com,+2348718031780,105 Ozumba Mbadiwe,Port Harcourt,Anambra,Nigeria,Agriculture,20000000,15,Active,NGN,2024-06-06
0d07f0ee-cd3f-420f-ba0f-d21f7c79313c,CUST-0090,Apex Enterprises,Patience,Okafor,patience.okafor@apexenterpri.com,+2348134961312,71 Admiralty Way,Abuja,Kaduna,Nigeria,Construction,10000000,45,Active,NGN,2024-04-11
74e74964-8c0b-4951-9c79-6b5ffe301993,CUST-0091,Prime Solutions,Halima,Victor,halima.victor@primesolutio.com,+2347541358318,196 Herbert Macaulay Way,Kaduna,Lagos,Nigeria,Banking,1000000,90,Active,NGN,2024-01-18
bb469d4a-296c-46e3-9979-09a502f7d1f5,CUST-0092,Pinnacle International,Patience,Balogun,patience.balogun@pinnacleinte.com,+2347596512314,65 Admiralty Way,Onitsha,Rivers,Nigeria,Technology,2000000,30,Active,NGN,2024-05-18
db7e5b80-e8a9-449e-a893-065e4aaccee2,CUST-0093,Prime Ltd,Kunle,Adeyemi,kunle.adeyemi@primeltd.com,+2347914991829,190 Marina Rd,Kaduna,Anambra,Nigeria,Technology,1000000,45,Active,NGN,2024-02-02
9d6f032c-dd94-4a96-8eca-74b770a17d17,CUST-0094,Emerald Plc,Gbenga,Peters,gbenga.peters@emeraldplc.com,+2348147074006,12 Broad Street,Onitsha,Delta,Nigeria,Manufacturing,5000000,90,Active,NGN,2024-06-06
3935473d-5b69-40e7-a5be-bdaab0619472,CUST-0095,Emerald Nigeria Limited,Hassan,Udoh,hassan.udoh@emeraldniger.com,+2347072020480,19 Adeola Odeku St,Ibadan,Edo,Nigeria,Agriculture,20000000,15,Active,NGN,2024-04-23
bee3cc53-f6f1-4b14-91ef-02b6c3953264,CUST-0096,Eagle International,Latifah,Chukwu,latifah.chukwu@eagleinterna.com,+2347325614002,136 Ozumba Mbadiwe,Onitsha,Anambra,Nigeria,Retail,20000000,45,Active,NGN,2024-06-01
02cbf0b7-f314-40d0-8bff-a943e8b12cc1,CUST-0097,Alpha Services,Quadri,Nnamdi,quadri.nnamdi@alphaservice.com,+2347252919549,117 Marina Rd,Abeokuta,Delta,Nigeria,Agriculture,5000000,30,Active,NGN,2024-03-27
b9778b45-c1da-4665-a714-cea5bb2a5eef,CUST-0098,Fortis Plc,Yemi,Nnamdi,yemi.nnamdi@fortisplc.com,+2347805276341,111 Adeola Odeku St,Port Harcourt,Kaduna,Nigeria,Healthcare,500000,15,Active,NGN,2024-01-24
cd12f040-fc2b-4817-9a7b-2ade992e54b2,CUST-0099,Summit & Sons,Nneka,Bakare,nneka.bakare@summitsons.com,+2348506530541,154 Ozumba Mbadiwe,Ibadan,Abuja,Nigeria,Construction,20000000,60,Active,NGN,2024-03-14
3fd94d27-6a81-4e61-b0c1-56854a00e161,CUST-0100,Summit Plc,Olu,Quadri,olu.quadri@summitplc.com,+2347543595941,196 Ozumba Mbadiwe,Abeokuta,Edo,Nigeria,Manufacturing,2000000,90,Active,NGN,2024-01-30
92633a6d-5660-4fdc-a1d3-75313ea8af3b,CUST-0101,Titan Group,Femi,Chibueze,femi.chibueze@titangroup.com,+2348431440466,90 Adeola Odeku St,Kano,Anambra,Nigeria,Technology,1000000,45,Active,NGN,2024-03-27
9a743db4-7f30-4665-9a6e-8226af94d21b,CUST-0102,Heritage & Sons,Olu,Victor,olu.victor@heritagesons.com,+2348022167449,108 Marina Rd,Lagos,Rivers,Nigeria,Manufacturing,20000000,90,Active,NGN,2024-04-06
1cd59298-1290-4f24-87ed-7d108c51a4aa,CUST-0103,Eagle & Sons,Bola,Johnson,bola.johnson@eaglesons.com,+2348846442241,13 Broad Street,Onitsha,Anambra,Nigeria,Manufacturing,500000,30,Active,NGN,2024-06-07
fa70b183-3ec0-485f-ae3c-f64946121317,CUST-0104,Global Nigeria Limited,Grace,Victor,grace.victor@globalnigeri.com,+2348089148051,89 Marina Rd,Benin City,Anambra,Nigeria,Agriculture,2000000,30,Active,NGN,2024-01-30
cfc9e2f1-1eeb-4c88-bee3-c828894b8a0b,CUST-0105,Prime Nigeria Limited,Precious,Peters,precious.peters@primenigeria.com,+2348346174418,78 Admiralty Way,Abeokuta,Lagos,Nigeria,Agriculture,10000000,15,Active,NGN,2024-02-22
738160da-51c8-4d69-9e8b-1e22a47a8a69,CUST-0106,Atlantic Nigeria Limited,Vivian,Kalu,vivian.kalu@atlanticnige.com,+2347301129686,59 Herbert Macaulay Way,Ibadan,Edo,Nigeria,Oil & Gas,1000000,60,Active,NGN,2024-06-29
f04bd3df-f2bd-4e9c-95b8-4164de5be1fb,CUST-0107,Pacific Enterprises,Gbenga,Madu,gbenga.madu@pacificenter.com,+2348891709714,147 Marina Rd,Lagos,Oyo,Nigeria,Healthcare,500000,45,Inactive,NGN,2024-04-19
31f9162b-94e1-4c37-95c4-1db60f07e11f,CUST-0108,Fortis Nigeria Limited,Jumoke,Madu,jumoke.madu@fortisnigeri.com,+2347056448705,28 Admiralty Way,Onitsha,Rivers,Nigeria,Healthcare,20000000,45,Active,NGN,2024-04-21
9ba5773c-2186-4673-b815-1bfb48582deb,CUST-0109,Fortis International,Dayo,Quadri,dayo.quadri@fortisintern.com,+2347207639863,163 Adeola Odeku St,Kaduna,Kano,Nigeria,Banking,2000000,30,Active,NGN,2024-05-10
dc860374-af52-4226-af26-2d426607e6cd,CUST-0110,Emerald Services,Olumide,Dikko,olumide.dikko@emeraldservi.com,+2348986861544,45 Herbert Macaulay Way,Port Harcourt,Kaduna,Nigeria,Banking,500000,30,Active,NGN,2024-02-20
013e2ee3-7f5d-44ab-9637-b52804b77f44,CUST-0111,Atlantic Plc,Ngozi,Zubairu,ngozi.zubairu@atlanticplc.com,+2348609289908,161 Ozumba Mbadiwe,Onitsha,Edo,Nigeria,Logistics,5000000,90,Inactive,NGN,2024-03-23
017bd717-dd16-4176-b1ca-19fec47f3115,CUST-0112,Atlantic Solutions,Gbenga,Peters,gbenga.peters@atlanticsolu.com,+2348136080483,119 Marina Rd,Onitsha,Kano,Nigeria,Technology,2000000,90,Active,NGN,2024-03-20
6b23449d-2fef-41a8-83d1-741c20dcbc18,CUST-0113,Apex Ltd,Bola,Balogun,bola.balogun@apexltd.com,+2347732287332,142 Broad Street,Onitsha,Abuja,Nigeria,Logistics,10000000,60,Active,NGN,2024-05-28
d3faab6c-baa1-4fa2-938b-8bd166eb9527,CUST-0114,Apex Solutions,Olu,Udoh,olu.udoh@apexsolution.com,+2347486394323,88 Broad Street,Benin City,Anambra,Nigeria,Retail,1000000,15,Active,NGN,2024-01-27
71994cdf-3afc-49f0-bbde-fe76e51fcbbb,CUST-0115,Global Services,Ngozi,Bakare,ngozi.bakare@globalservic.com,+2347638344365,73 Marina Rd,Warri,Edo,Nigeria,Retail,10000000,30,Active,NGN,2024-04-05
5e0c2053-2ffd-4c2a-8acf-93e60c55a843,CUST-0116,Fortis Enterprises,Quadri,Bakare,quadri.bakare@fortisenterp.com,+2349026614484,186 Broad Street,Kaduna,Abuja,Nigeria,Manufacturing,10000000,60,Active,NGN,2024-03-05
0c0a493e-7bc0-4c18-8ef7-242ba61d3fb7,CUST-0117,Coral & Sons,Zainab,Chukwu,zainab.chukwu@coralsons.com,+2348493372774,144 Marina Rd,Kano,Kaduna,Nigeria,Agriculture,1000000,90,Active,NGN,2024-03-20
909c9027-f9f2-41bb-9d68-3b8d9c547aac,CUST-0118,Eagle & Sons,Lola,Chukwu,lola.chukwu@eaglesons.com,+2348658103580,88 Marina Rd,Kaduna,Delta,Nigeria,Technology,2000000,45,Active,NGN,2024-02-24
e7c0cee1-dfcb-4071-8606-087687ce150c,CUST-0119,Pinnacle Group,Kunle,Eze,kunle.eze@pinnaclegrou.com,+2347195962567,87 Herbert Macaulay Way,Warri,Abuja,Nigeria,Retail,20000000,90,Active,NGN,2024-06-18
35a1eecd-e666-420b-a347-16ca23589ca2,CUST-0120,Atlantic International,Chidi,Eze,chidi.eze@atlanticinte.com,+2347414034091,185 Admiralty Way,Port Harcourt,Anambra,Nigeria,Healthcare,500000,60,Active,NGN,2024-06-22
2f568b2c-0924-4a73-81a2-a38a5bbe9edc,CUST-0121,Alpha International,Vivian,Zubairu,vivian.zubairu@alphainterna.com,+2348918531761,174 Herbert Macaulay Way,Warri,Ogun,Nigeria,Banking,2000000,60,Active,NGN,2024-04-04
cc76cdc3-be65-4baf-958c-fe47d0870bb1,CUST-0122,Alpha Solutions,Vivian,Zubairu,vivian.zubairu@alphasolutio.com,+2347979437374,14 Broad Street,Ibadan,Delta,Nigeria,Oil & Gas,1000000,90,Active,NGN,2024-03-05
800ad19d-4ef3-42d6-9bad-09a4527ba306,CUST-0123,Crown Enterprises,Nneka,Emenike,nneka.emenike@crownenterpr.com,+2347269655523,38 Marina Rd,Kano,Abuja,Nigeria,Manufacturing,1000000,45,Active,NGN,2024-05-11
61381841-7969-4546-bbdd-d699d3be9dba,CUST-0124,Global Group,Grace,Dikko,grace.dikko@globalgroup.com,+2347891447451,21 Ozumba Mbadiwe,Lagos,Oyo,Nigeria,Agriculture,10000000,45,Active,NGN,2024-04-08
5f5d06df-d929-42b8-b94a-8ebaf2f97c98,CUST-0125,Sterling Ltd,Yemi,Emenike,yemi.emenike@sterlingltd.com,+2347256625238,121 Marina Rd,Port Harcourt,Rivers,Nigeria,Technology,2000000,60,Active,NGN,2024-06-29
a39846c0-8aad-46f0-be06-c46c4193e096,CUST-0126,Coral Ltd,Halima,Adeyemi,halima.adeyemi@coralltd.com,+2347654618086,61 Ozumba Mbadiwe,Warri,Rivers,Nigeria,Logistics,10000000,60,Active,NGN,2024-03-14
c7f2094d-1a8c-45a2-8818-2a131e709075,CUST-0127,Prime Ltd,Sade,Nnamdi,sade.nnamdi@primeltd.com,+2348638669093,132 Herbert Macaulay Way,Abuja,Abuja,Nigeria,Healthcare,10000000,90,Active,NGN,2024-06-10
8743512e-2d1a-4bfc-9da2-61d51dc2064a,CUST-0128,Sterling & Sons,Vivian,Nnamdi,vivian.nnamdi@sterlingsons.com,+2347006919270,18 Herbert Macaulay Way,Onitsha,Ogun,Nigeria,Agriculture,1000000,15,Active,NGN,2024-04-02
6c1e7542-a427-4c25-bca9-2534e9a3039e,CUST-0129,Pacific Services,Kehinde,Rufai,kehinde.rufai@pacificservi.com,+2347057550726,18 Ozumba Mbadiwe,Lagos,Edo,Nigeria,Agriculture,2000000,45,Active,NGN,2024-04-01
81c4e320-0eb7-4c18-8f98-153726f823c4,CUST-0130,Sterling Plc,Precious,Yakubu,precious.yakubu@sterlingplc.com,+2348936578736,119 Broad Street,Lagos,Rivers,Nigeria,Construction,10000000,45,Active,NGN,2024-06-24
54e687d4-4014-4f64-ba23-ca10cf2c24bf,CUST-0131,Crown & Sons,Kunle,Chukwu,kunle.chukwu@crownsons.com,+2348838678589,80 Herbert Macaulay Way,Kano,Lagos,Nigeria,Banking,500000,30,Active,NGN,2024-03-21
0b239642-bac2-4fb6-9551-bea2ca97440e,CUST-0132,Nexus Services,Ifeanyi,Igwe,ifeanyi.igwe@nexusservice.com,+2347094206183,95 Marina Rd,Kaduna,Kano,Nigeria,Technology,20000000,45,Active,NGN,2024-02-01
a936c0a1-7579-4b02-b818-cb29deb3689b,CUST-0133,Nexus Solutions,Chidi,Kalu,chidi.kalu@nexussolutio.com,+2347479324908,111 Herbert Macaulay Way,Kaduna,Edo,Nigeria,Retail,2000000,15,Active,NGN,2024-01-21
d3a6b455-4178-4635-8182-45a9f09c1c78,CUST-0134,Heritage Services,Vivian,Kalu,vivian.kalu@heritageserv.com,+2347262343333,177 Marina Rd,Kano,Kaduna,Nigeria,Telecommunications,5000000,90,Active,NGN,2024-02-12
ed25bb63-921c-4d29-bde8-d85a3a466177,CUST-0135,Summit Solutions,Emeka,Yakubu,emeka.yakubu@summitsoluti.com,+2347908297090,192 Broad Street,Lagos,Kano,Nigeria,Manufacturing,20000000,60,Active,NGN,2024-05-11
e0287ae1-fbfe-40fb-b9f3-520e9ec8c2ac,CUST-0136,Heritage Ltd,Latifah,Chibueze,latifah.chibueze@heritageltd.com,+2348558351320,146 Adeola Odeku St,Port Harcourt,Lagos,Nigeria,Manufacturing,1000000,45,Active,NGN,2024-04-08
318d61e4-368e-4df8-8f2c-7f3ff17bae1e,CUST-0137,Coral & Sons,Grace,Lawal,grace.lawal@coralsons.com,+2347958448065,167 Ozumba Mbadiwe,Onitsha,Abuja,Nigeria,Oil & Gas,10000000,45,Active,NGN,2024-03-21
1d8ed561-6f0c-4fc4-b477-b5210050ae24,CUST-0138,Sterling Plc,Chioma,Yakubu,chioma.yakubu@sterlingplc.com,+2347479372568,115 Admiralty Way,Ibadan,Delta,Nigeria,Retail,500000,45,Active,NGN,2024-06-29
95fce411-3d44-4afb-884a-57e5a318d334,CUST-0139,Coral Nigeria Limited,Janet,Garba,janet.garba@coralnigeria.com,+2347313277144,82 Broad Street,Benin City,Abuja,Nigeria,Oil & Gas,20000000,60,Active,NGN,2024-06-23
fee19fef-2828-4b9f-b284-1d4f63105279,CUST-0140,Summit Plc,Nneka,Rufai,nneka.rufai@summitplc.com,+2347746032437,36 Admiralty Way,Port Harcourt,Rivers,Nigeria,Construction,10000000,30,Active,NGN,2024-02-21
1b686c9e-8f41-4fdf-ba46-492426fac00c,CUST-0141,Crown Ltd,Bola,Rufai,bola.rufai@crownltd.com,+2348467189302,102 Broad Street,Warri,Edo,Nigeria,Oil & Gas,10000000,15,Active,NGN,2024-03-20
03dbd518-94aa-4660-ba50-a86e755a689f,CUST-0142,Crown Services,Efe,Zubairu,efe.zubairu@crownservice.com,+2348042237331,33 Herbert Macaulay Way,Kaduna,Rivers,Nigeria,Manufacturing,5000000,60,Active,NGN,2024-03-29
3f4ccb02-1423-45be-b19a-f60b5b489c48,CUST-0143,Titan & Sons,Kunle,Nnamdi,kunle.nnamdi@titansons.com,+2348281929673,182 Admiralty Way,Warri,Abuja,Nigeria,Oil & Gas,2000000,30,Active,NGN,2024-03-23
81f824ad-87c2-4b04-8648-ad40f0475a73,CUST-0144,Summit Services,Vivian,Chibueze,vivian.chibueze@summitservic.com,+2347205204459,24 Herbert Macaulay Way,Warri,Ogun,Nigeria,Telecommunications,1000000,45,Inactive,NGN,2024-05-16
02bfeb6f-2f78-4979-805d-5d077e483848,CUST-0145,Heritage International,Precious,Eze,precious.eze@heritageinte.com,+2347436664316,167 Admiralty Way,Lagos,Anambra,Nigeria,Technology,500000,15,Inactive,NGN,2024-03-08
c5ad6ab9-5f17-46e3-b929-3a658a09758d,CUST-0146,Titan Industries,Ruth,Udoh,ruth.udoh@titanindustr.com,+2347079355692,117 Adeola Odeku St,Kano,Delta,Nigeria,Telecommunications,5000000,30,Active,NGN,2024-03-17
3a70becb-6a61-46a4-a365-02b62adc69a3,CUST-0147,Apex & Sons,Grace,Nnamdi,grace.nnamdi@apexsons.com,+2348238792046,103 Admiralty Way,Kaduna,Ogun,Nigeria,Logistics,1000000,45,Active,NGN,2024-03-29
4abf8dfc-8d0a-4c32-af14-b856826f1c96,CUST-0148,Summit Services,Nneka,Danjuma,nneka.danjuma@summitservic.com,+2347815055688,13 Ozumba Mbadiwe,Abuja,Edo,Nigeria,Telecommunications,5000000,30,Active,NGN,2024-01-25
860b309f-7e8f-4033-a54d-1b81c5b2f7a1,CUST-0149,Nexus International,Efe,Hassan,efe.hassan@nexusinterna.com,+2347406493461,128 Ozumba Mbadiwe,Kaduna,Anambra,Nigeria,Banking,1000000,60,Active,NGN,2024-04-29
2cefbde9-2715-4c05-a079-5c7b4ee00cc3,CUST-0150,Crown Ltd,Halima,Madu,halima.madu@crownltd.com,+2348298671057,127 Herbert Macaulay Way,Abeokuta,Ogun,Nigeria,Logistics,2000000,15,Active,NGN,2024-03-13
cda5cf96-a435-4ff4-88e5-18cdd818c320,CUST-0151,Crown Nigeria Limited,Mohammed,Adeyemi,mohammed.adeyemi@crownnigeria.com,+2347278229768,14 Herbert Macaulay Way,Kano,Rivers,Nigeria,Construction,5000000,45,Active,NGN,2024-04-12
71920847-3d96-4396-a1ff-9c718fc4f241,CUST-0152,Pacific Group,Bola,Rufai,bola.rufai@pacificgroup.com,+2347732233658,157 Adeola Odeku St,Warri,Oyo,Nigeria,Healthcare,10000000,45,Inactive,NGN,2024-06-23
b1c7c47b-0a69-48ec-9383-45fdcce519ec,CUST-0153,Atlantic Plc,Dayo,Lawal,dayo.lawal@atlanticplc.com,+2349036688907,129 Adeola Odeku St,Kaduna,Delta,Nigeria,Oil & Gas,1000000,90,Active,NGN,2024-04-12
99b48112-00b5-44ed-bb35-915194ab0235,CUST-0154,Apex Ltd,Kunle,Williams,kunle.williams@apexltd.com,+2347858948107,157 Ozumba Mbadiwe,Benin City,Delta,Nigeria,Oil & Gas,10000000,90,Active,NGN,2024-03-24
27cc0ef4-35f4-43eb-8050-bbdd906f98b0,CUST-0155,Heritage Industries,Ruth,Yakubu,ruth.yakubu@heritageindu.com,+2347766643410,5 Ozumba Mbadiwe,Warri,Delta,Nigeria,Retail,5000000,90,Active,NGN,2024-05-01
21831723-5f8a-4e1c-a9c4-2375516f4d97,CUST-0156,Eagle Plc,Efe,Sanusi,efe.sanusi@eagleplc.com,+2347781447065,185 Adeola Odeku St,Benin City,Anambra,Nigeria,Telecommunications,20000000,90,Inactive,NGN,2024-02-28
93955947-52ad-4d8e-8c59-cffa7bd711ea,CUST-0157,Titan Solutions,Musa,Quadri,musa.quadri@titansolutio.com,+2348617378535,113 Ozumba Mbadiwe,Abeokuta,Rivers,Nigeria,Technology,10000000,15,Active,NGN,2024-01-05
77bf192b-fc79-4e1d-b9f6-5bd3476e53b6,CUST-0158,Fortis & Sons,Efe,Williams,efe.williams@fortissons.com,+2347527884990,54 Herbert Macaulay Way,Onitsha,Delta,Nigeria,Healthcare,20000000,15,Active,NGN,2024-05-12
cdfa27fb-6e50-477c-ae04-f695faace618,CUST-0159,Eagle Solutions,Lola,Madu,lola.madu@eaglesolutio.com,+2347803905518,124 Admiralty Way,Warri,Edo,Nigeria,Construction,10000000,45,Active,NGN,2024-06-05
f238e572-4814-4cfe-ab55-576a2cdde14f,CUST-0160,Sterling Nigeria Limited,Nneka,Johnson,nneka.johnson@sterlingnige.com,+2347575993143,185 Ozumba Mbadiwe,Abeokuta,Kano,Nigeria,Healthcare,2000000,60,Active,NGN,2024-05-23
4eae0ab7-9142-4bc6-a98f-87b2bcdca42e,CUST-0161,Quantum Plc,Olu,Victor,olu.victor@quantumplc.com,+2348397370211,89 Marina Rd,Kaduna,Oyo,Nigeria,Oil & Gas,2000000,15,Active,NGN,2024-01-21
e54d364f-10b6-40a8-89c9-8705cd957462,CUST-0162,Vanguard Solutions,Patience,Garba,patience.garba@vanguardsolu.com,+2348375548852,63 Adeola Odeku St,Kano,Delta,Nigeria,Oil & Gas,500000,90,Inactive,NGN,2024-03-02
f9eb96cd-07d1-483d-ae1d-7496cacd6163,CUST-0163,Emerald Group,Rasheed,Bakare,rasheed.bakare@emeraldgroup.com,+2347257934046,41 Marina Rd,Benin City,Kaduna,Nigeria,Manufacturing,20000000,30,Active,NGN,2024-05-20
80a927df-fc51-40dd-96ad-4bef83a5c7d4,CUST-0164,Crown Solutions,Olumide,Zubairu,olumide.zubairu@crownsolutio.com,+2347736388299,190 Broad Street,Lagos,Kano,Nigeria,Manufacturing,20000000,90,Active,NGN,2024-05-16
0725271b-f5b7-4649-b7bd-7b8671a8f3e1,CUST-0165,Apex & Sons,Efe,Dikko,efe.dikko@apexsons.com,+2347451609681,77 Herbert Macaulay Way,Benin City,Oyo,Nigeria,Oil & Gas,20000000,45,Active,NGN,2024-01-03
c787f7cd-0992-4a24-90f7-e50835c73f45,CUST-0166,Coral Plc,Zainab,Johnson,zainab.johnson@coralplc.com,+2348169796605,85 Admiralty Way,Port Harcourt,Edo,Nigeria,Retail,5000000,45,Active,NGN,2024-01-29
29560284-a5e1-4a3b-906b-e85252ed0391,CUST-0167,Alpha Nigeria Limited,Ngozi,Adeyemi,ngozi.adeyemi@alphanigeria.com,+2348886655803,132 Ozumba Mbadiwe,Onitsha,Kano,Nigeria,Banking,1000000,90,Active,NGN,2024-04-19
b85a201c-5e11-4971-a072-43f2c6405161,CUST-0168,Global Industries,Ibrahim,Fashola,ibrahim.fashola@globalindust.com,+2347359010350,193 Ozumba Mbadiwe,Abeokuta,Kaduna,Nigeria,Technology,2000000,60,Active,NGN,2024-04-24
06cda5b2-2774-40d4-8fac-3a52ed85d328,CUST-0169,Eagle Nigeria Limited,Precious,Yakubu,precious.yakubu@eaglenigeria.com,+2348461191859,41 Marina Rd,Kaduna,Kano,Nigeria,Banking,500000,15,Active,NGN,2024-03-19
ae050995-6395-4655-8063-b06b1aa29b2e,CUST-0170,Emerald Nigeria Limited,Jumoke,Udoh,jumoke.udoh@emeraldniger.com,+2347757166363,192 Herbert Macaulay Way,Abeokuta,Anambra,Nigeria,Banking,1000000,60,Active,NGN,2024-04-26
03e0ac9d-d399-49b9-8e2e-7bfaae2ea2e2,CUST-0171,Summit Industries,Nneka,Emenike,nneka.emenike@summitindust.com,+2348204664338,93 Adeola Odeku St,Onitsha,Ogun,Nigeria,Manufacturing,10000000,60,Active,NGN,2024-06-29
4fdf24de-d5a9-4c8d-98d6-76a7de79e8d2,CUST-0172,Titan Plc,Funke,Balogun,funke.balogun@titanplc.com,+2348409480665,114 Adeola Odeku St,Onitsha,Ogun,Nigeria,Retail,1000000,30,Active,NGN,2024-05-13
0d9173d5-e288-495d-8de5-276ff8c4a8bb,CUST-0173,Pinnacle International,Janet,Chukwu,janet.chukwu@pinnacleinte.com,+2348308473959,15 Herbert Macaulay Way,Benin City,Lagos,Nigeria,Oil & Gas,10000000,60,Active,NGN,2024-05-24
344e5a75-7487-4d89-8c49-ba7db3d80155,CUST-0174,Alpha Nigeria Limited,Chioma,Madu,chioma.madu@alphanigeria.com,+2347651050591,17 Herbert Macaulay Way,Onitsha,Ogun,Nigeria,Manufacturing,500000,60,Active,NGN,2024-06-28
2a808467-060b-46b5-a876-dccfd9244079,CUST-0175,Apex Plc,Ifeanyi,Bakare,ifeanyi.bakare@apexplc.com,+2347737859648,97 Adeola Odeku St,Port Harcourt,Rivers,Nigeria,Agriculture,2000000,60,Active,NGN,2024-04-06
7b470347-2a29-4823-93c5-80f37aff87ca,CUST-0176,Pacific & Sons,Aisha,Danjuma,aisha.danjuma@pacificsons.com,+2347457594429,173 Broad Street,Port Harcourt,Delta,Nigeria,Banking,500000,15,Active,NGN,2024-04-28
0391b785-e14b-4626-a8ad-fb3a5487ef83,CUST-0177,Pacific Industries,Mohammed,Madu,mohammed.madu@pacificindus.com,+2347585152562,170 Marina Rd,Kaduna,Edo,Nigeria,Oil & Gas,2000000,30,Active,NGN,2024-01-09
c18f39b3-15c0-43fc-a802-b720fa32e3b8,CUST-0178,Coral Ltd,Sade,Garba,sade.garba@coralltd.com,+2347172692765,103 Marina Rd,Lagos,Anambra,Nigeria,Healthcare,10000000,15,Active,NGN,2024-01-12
5a48992f-cf6d-4cad-8196-31d367dfdf79,CUST-0179,Sterling Services,Patience,Zubairu,patience.zubairu@sterlingserv.com,+2348981946973,154 Broad Street,Warri,Rivers,Nigeria,Telecommunications,1000000,90,Active,NGN,2024-05-27
e1c1486a-2103-4c07-88e2-66dd8308718d,CUST-0180,Eagle Group,Wale,Dikko,wale.dikko@eaglegroup.com,+2347369745141,189 Admiralty Way,Ibadan,Ogun,Nigeria,Telecommunications,2000000,15,Active,NGN,2024-05-31
9193a7ba-54d8-4790-8226-99e7f030ec66,CUST-0181,Fortis Services,Janet,Bakare,janet.bakare@fortisservic.com,+2347887394713,48 Herbert Macaulay Way,Kaduna,Delta,Nigeria,Agriculture,5000000,30,Active,NGN,2024-04-06
8aee66f7-a182-4404-b0ce-d0967441f5bd,CUST-0182,Crown Group,Rasheed,Johnson,rasheed.johnson@crowngroup.com,+2348813421820,35 Marina Rd,Lagos,Edo,Nigeria,Retail,5000000,60,Active,NGN,2024-05-15
d652a4e6-e1dc-4f82-a26b-696b102dd951,CUST-0183,Sterling Nigeria Limited,Patience,Kalu,patience.kalu@sterlingnige.com,+2348652326581,97 Broad Street,Kaduna,Edo,Nigeria,Manufacturing,10000000,30,Active,NGN,2024-03-09
054b5e08-612c-4cef-a7fb-44c9f439d750,CUST-0184,Coral International,Emeka,Chibueze,emeka.chibueze@coralinterna.com,+2347184156856,4 Admiralty Way,Warri,Anambra,Nigeria,Banking,5000000,30,Active,NGN,2024-03-18
1c47317e-db78-4a7b-938b-19e72f5b9874,CUST-0185,Pinnacle Plc,Ifeanyi,Emenike,ifeanyi.emenike@pinnacleplc.com,+2347624431161,137 Broad Street,Abeokuta,Oyo,Nigeria,Retail,2000000,45,Active,NGN,2024-04-29
50d37628-f6a8-427d-b6f6-957ab77bc38c,CUST-0186,Summit Nigeria Limited,Tunde,Lawal,tunde.lawal@summitnigeri.com,+2348319342928,106 Adeola Odeku St,Abuja,Edo,Nigeria,Healthcare,2000000,30,Active,NGN,2024-03-21
96568161-e422-42a8-b3b6-c4d7c8ef1484,CUST-0187,Titan Group,Latifah,Adeyemi,latifah.adeyemi@titangroup.com,+2347668005797,63 Marina Rd,Port Harcourt,Kano,Nigeria,Banking,2000000,30,Active,NGN,2024-05-25
b74432a6-e096-48ec-9bf8-283caba12d2c,CUST-0188,Pacific Enterprises,Tunde,Zubairu,tunde.zubairu@pacificenter.com,+2348259230828,48 Herbert Macaulay Way,Port Harcourt,Edo,Nigeria,Construction,1000000,30,Active,NGN,2024-05-05
c7ceef99-afee-4353-83d8-67ff48fabeb4,CUST-0189,Apex Services,Emeka,Balogun,emeka.balogun@apexservices.com,+2347191813936,39 Adeola Odeku St,Ibadan,Lagos,Nigeria,Oil & Gas,20000000,30,Active,NGN,2024-06-30
392e5cd3-e944-43c9-a2e9-780e8ca5a610,CUST-0190,Pinnacle Services,Hassan,Lawal,hassan.lawal@pinnacleserv.com,+2347159106820,5 Herbert Macaulay Way,Lagos,Edo,Nigeria,Technology,10000000,90,Active,NGN,2024-01-04
eb709eb8-6ae4-4293-b18d-b92fe0eff131,CUST-0191,Vanguard Services,Vivian,Adeyemi,vivian.adeyemi@vanguardserv.com,+2348288223819,159 Herbert Macaulay Way,Abuja,Rivers,Nigeria,Manufacturing,10000000,30,Active,NGN,2024-02-19
fabe5d34-6f88-413e-9a49-500197ebf97e,CUST-0192,Vanguard Enterprises,Uche,Adeleke,uche.adeleke@vanguardente.com,+2348012325722,176 Adeola Odeku St,Ibadan,Kaduna,Nigeria,Healthcare,10000000,30,Active,NGN,2024-03-17
0565155f-b1e7-4eca-9af0-6f9e09b71623,CUST-0193,Apex Plc,Dayo,Madu,dayo.madu@apexplc.com,+2347968986040,85 Herbert Macaulay Way,Lagos,Lagos,Nigeria,Oil & Gas,500000,60,Active,NGN,2024-06-14
ce8f64ee-fcfe-4434-930c-1a9c0e6093af,CUST-0194,Prime Services,Emeka,Hassan,emeka.hassan@primeservice.com,+2347548977571,169 Adeola Odeku St,Lagos,Kano,Nigeria,Manufacturing,20000000,45,Active,NGN,2024-05-24
035febd3-13bc-4dc7-a69b-7d50ed0d99e1,CUST-0195,Heritage Enterprises,Chioma,Garba,chioma.garba@heritageente.com,+2348503419132,100 Broad Street,Abuja,Oyo,Nigeria,Telecommunications,1000000,90,Active,NGN,2024-05-25
f4e3eb6b-aac2-4138-bf01-74b35ae7cf95,CUST-0196,Pacific Enterprises,Chidi,Zubairu,chidi.zubairu@pacificenter.com,+2348893347981,20 Ozumba Mbadiwe,Warri,Abuja,Nigeria,Construction,500000,15,Active,NGN,2024-02-29
bda03a85-bf87-4716-b7e8-4d1d70ef0f8b,CUST-0197,Coral International,Quadri,Madu,quadri.madu@coralinterna.com,+2348986475691,97 Marina Rd,Kano,Lagos,Nigeria,Healthcare,5000000,30,Active,NGN,2024-05-21
a09d1dcd-6641-44fd-9691-f82be3f71589,CUST-0198,Heritage International,Chidi,Chukwu,chidi.chukwu@heritageinte.com,+2348975955645,40 Broad Street,Abuja,Ogun,Nigeria,Manufacturing,2000000,30,Active,NGN,2024-06-11
0fd24e61-222c-43bb-922a-0c7d7f825fe6,CUST-0199,Nexus Enterprises,Bola,Danjuma,bola.danjuma@nexusenterpr.com,+2347231087161,48 Marina Rd,Benin City,Kano,Nigeria,Construction,2000000,15,Active,NGN,2024-01-23
9b5437db-1480-4770-9a5a-ef3ebee7c409,CUST-0200,Alpha Services,Nneka,Quadri,nneka.quadri@alphaservice.com,+2348042732967,84 Marina Rd,Abuja,Lagos,Nigeria,Construction,10000000,15,Inactive,NGN,2024-06-02
8ae87d65-f51d-41b4-bb03-e2706a037bcb,CUST-0201,Zenith Nigeria Limited,Efe,Madu,efe.madu@zenithnigeri.com,+2348992421022,36 Ozumba Mbadiwe,Abeokuta,Delta,Nigeria,Logistics,10000000,30,Active,NGN,2024-02-13
e72923d8-6c74-4b99-926a-296b51637153,CUST-0202,Quantum Nigeria Limited,Janet,Eze,janet.eze@quantumniger.com,+2347163805274,65 Admiralty Way,Kano,Oyo,Nigeria,Agriculture,2000000,60,Active,NGN,2024-04-02
7b895df9-b261-47e9-ad54-4cecc6d94c64,CUST-0203,Crown International,Ruth,Garba,ruth.garba@crowninterna.com,+2348172794698,85 Marina Rd,Kano,Rivers,Nigeria,Technology,5000000,45,Inactive,NGN,2024-04-07
25c3863f-d05b-4c72-9474-b4444fd00d0a,CUST-0204,Eagle Industries,Quadri,Eze,quadri.eze@eagleindustr.com,+2347766379868,75 Broad Street,Abeokuta,Anambra,Nigeria,Healthcare,2000000,30,Active,NGN,2024-03-22
15b348d5-ef32-4bd1-ba8e-250e4616c5be,CUST-0205,Crown International,Sade,Kalu,sade.kalu@crowninterna.com,+2347965702656,47 Broad Street,Kaduna,Oyo,Nigeria,Manufacturing,10000000,30,Inactive,NGN,2024-05-19
bef7f1de-eccc-406e-9a63-c4410151e4c4,CUST-0206,Pacific Ltd,Hassan,Williams,hassan.williams@pacificltd.com,+2347538356053,78 Admiralty Way,Abuja,Kano,Nigeria,Agriculture,20000000,60,Active,NGN,2024-06-11
6e5ee657-00b3-4265-910e-8521040356fc,CUST-0207,Vanguard & Sons,Femi,Adeleke,femi.adeleke@vanguardsons.com,+2347962240929,178 Marina Rd,Onitsha,Edo,Nigeria,Healthcare,10000000,60,Active,NGN,2024-05-09
4e4b592f-1158-4cc7-aa2c-a3be9c0ceefd,CUST-0208,Pacific Ltd,Bola,Williams,bola.williams@pacificltd.com,+2349072425760,166 Broad Street,Abeokuta,Abuja,Nigeria,Construction,1000000,90,Active,NGN,2024-05-24
e190f231-b60d-4581-930d-e3ecc7a32eb5,CUST-0209,Nexus Enterprises,Femi,Danjuma,femi.danjuma@nexusenterpr.com,+2347022654343,177 Herbert Macaulay Way,Abeokuta,Kano,Nigeria,Retail,20000000,90,Active,NGN,2024-05-28
6a6df1a9-a481-44d0-9d34-b5d626bdb049,CUST-0210,Sterling Solutions,Bola,Madu,bola.madu@sterlingsolu.com,+2348189396422,22 Adeola Odeku St,Kaduna,Rivers,Nigeria,Technology,5000000,15,Active,NGN,2024-04-16
e66254a3-f31d-4c5f-a4a7-c445f618a0bc,CUST-0211,Atlantic Enterprises,Wale,Kalu,wale.kalu@atlanticente.com,+2348164470657,116 Ozumba Mbadiwe,Benin City,Delta,Nigeria,Construction,5000000,15,Active,NGN,2024-06-27
653c52b6-8c59-4a6e-8d30-230b5b938c9c,CUST-0212,Global Nigeria Limited,Emeka,Adeleke,emeka.adeleke@globalnigeri.com,+2348812930810,45 Herbert Macaulay Way,Kaduna,Lagos,Nigeria,Manufacturing,20000000,30,Active,NGN,2024-05-12
248f27f6-70cc-4cda-bd49-572afaca4396,CUST-0213,Heritage Enterprises,Nneka,Nnamdi,nneka.nnamdi@heritageente.com,+2348184889890,189 Herbert Macaulay Way,Port Harcourt,Oyo,Nigeria,Oil & Gas,20000000,60,Active,NGN,2024-01-08
a8941d10-c5d5-4c83-94f1-1dd931e30cb8,CUST-0214,Pinnacle Solutions,Precious,Nnamdi,precious.nnamdi@pinnaclesolu.com,+2347991074659,138 Admiralty Way,Abeokuta,Ogun,Nigeria,Telecommunications,20000000,15,Inactive,NGN,2024-01-27
7f171be1-73f3-4264-bd7e-f33f72a76a6d,CUST-0215,Summit Enterprises,Olumide,Okafor,olumide.okafor@summitenterp.com,+2347295401559,151 Adeola Odeku St,Warri,Edo,Nigeria,Construction,10000000,60,Inactive,NGN,2024-04-10
0db6690e-b98e-4a3d-8800-b98871147056,CUST-0216,Summit Enterprises,Hassan,Taiwo,hassan.taiwo@summitenterp.com,+2347445990296,62 Ozumba Mbadiwe,Onitsha,Anambra,Nigeria,Manufacturing,20000000,30,Active,NGN,2024-01-31
e78e6fc8-ca9c-4931-9485-3c9adc44fb81,CUST-0217,Prime & Sons,Bola,Williams,bola.williams@primesons.com,+2347369570219,48 Marina Rd,Ibadan,Oyo,Nigeria,Logistics,1000000,90,Active,NGN,2024-04-18
9ff3aced-bc49-478a-b4d5-0b1379f113a6,CUST-0218,Pacific & Sons,Nneka,Fashola,nneka.fashola@pacificsons.com,+2348255845843,3 Marina Rd,Port Harcourt,Rivers,Nigeria,Construction,5000000,90,Active,NGN,2024-04-01
d6576950-ce15-454a-bfad-4cbec110fff4,CUST-0219,Atlantic Group,Chidi,Rufai,chidi.rufai@atlanticgrou.com,+2348299304216,22 Herbert Macaulay Way,Benin City,Oyo,Nigeria,Agriculture,20000000,60,Active,NGN,2024-02-12
585fbb9a-334d-4664-8bc1-863ab2a650cc,CUST-0220,Zenith Group,Vivian,Bakare,vivian.bakare@zenithgroup.com,+2347704772246,131 Adeola Odeku St,Kano,Delta,Nigeria,Oil & Gas,5000000,90,Active,NGN,2024-05-20
316ca7d8-064f-4575-a5f3-54c1015ce4d9,CUST-0221,Titan Plc,Uche,Zubairu,uche.zubairu@titanplc.com,+2348397154919,189 Broad Street,Lagos,Delta,Nigeria,Healthcare,10000000,30,Active,NGN,2024-01-27
7d614ca9-b397-4c34-b073-b3501de67fe0,CUST-0222,Sterling Nigeria Limited,Emeka,Okafor,emeka.okafor@sterlingnige.com,+2347676848151,90 Broad Street,Benin City,Abuja,Nigeria,Manufacturing,1000000,30,Inactive,NGN,2024-06-25
9a238cd9-08bd-4613-9d43-798b0f761eca,CUST-0223,Coral Industries,Musa,Taiwo,musa.taiwo@coralindustr.com,+2347354466502,138 Admiralty Way,Lagos,Ogun,Nigeria,Logistics,2000000,90,Active,NGN,2024-06-01
2c9783bb-ca58-4f4b-95e9-86779514c328,CUST-0224,Eagle Nigeria Limited,Vivian,Sanusi,vivian.sanusi@eaglenigeria.com,+2347689630451,34 Admiralty Way,Port Harcourt,Abuja,Nigeria,Agriculture,500000,45,Active,NGN,2024-06-28
8e3efc2d-4843-47a5-92ae-96238147bc30,CUST-0225,Atlantic Enterprises,Sade,Zubairu,sade.zubairu@atlanticente.com,+2348737588425,116 Adeola Odeku St,Port Harcourt,Edo,Nigeria,Logistics,20000000,45,Active,NGN,2024-04-06
a7ad01e0-bc35-4107-86fa-c2e24b1bbab4,CUST-0226,Global Industries,Kehinde,Yakubu,kehinde.yakubu@globalindust.com,+2347717191986,163 Broad Street,Benin City,Edo,Nigeria,Construction,10000000,15,Active,NGN,2024-04-27
4f84f21a-5292-4119-9cbe-0aa88743375c,CUST-0227,Summit Plc,Mohammed,Madu,mohammed.madu@summitplc.com,+2347558208215,148 Admiralty Way,Benin City,Ogun,Nigeria,Telecommunications,2000000,45,Active,NGN,2024-05-20
52d3a190-e6e8-447d-a645-08ce2312e0bb,CUST-0228,Titan Solutions,Zainab,Dikko,zainab.dikko@titansolutio.com,+2348741812172,117 Adeola Odeku St,Abuja,Lagos,Nigeria,Healthcare,500000,15,Active,NGN,2024-04-22
648f47f7-7c70-431b-91dd-0aa32523ab72,CUST-0229,Fortis Group,Kunle,Dikko,kunle.dikko@fortisgroup.com,+2348666064462,96 Broad Street,Kano,Rivers,Nigeria,Manufacturing,20000000,45,Active,NGN,2024-01-22
9a12d6a7-a5f0-4d68-92dc-e48a1c3f1891,CUST-0230,Heritage Ltd,Dayo,Udoh,dayo.udoh@heritageltd.com,+2347784928281,34 Herbert Macaulay Way,Abuja,Oyo,Nigeria,Manufacturing,500000,30,Active,NGN,2024-01-20
0a07b41e-f088-4c13-8790-8663a572037a,CUST-0231,Sterling Services,Grace,Adeyemi,grace.adeyemi@sterlingserv.com,+2347026764217,23 Broad Street,Ibadan,Abuja,Nigeria,Oil & Gas,5000000,15,Active,NGN,2024-04-08
e2987e81-416a-4202-b75f-ad5f85903d84,CUST-0232,Prime Plc,Yemi,Lawal,yemi.lawal@primeplc.com,+2347763300647,157 Broad Street,Port Harcourt,Oyo,Nigeria,Oil & Gas,500000,90,Inactive,NGN,2024-01-03
e77f6026-4fef-4fe7-8d69-49392672ae56,CUST-0233,Heritage Solutions,Aisha,Yakubu,aisha.yakubu@heritagesolu.com,+2347543539636,193 Adeola Odeku St,Onitsha,Oyo,Nigeria,Healthcare,1000000,15,Active,NGN,2024-02-05
2c79e899-de18-48bf-82c2-4c1f47a96e16,CUST-0234,Titan Industries,Aisha,Nnamdi,aisha.nnamdi@titanindustr.com,+2347803345961,185 Herbert Macaulay Way,Kano,Ogun,Nigeria,Manufacturing,1000000,90,Inactive,NGN,2024-06-02
1131eadd-007a-4224-8c8f-8793414f35df,CUST-0235,Quantum Ltd,Wale,Garba,wale.garba@quantumltd.com,+2348329548370,99 Adeola Odeku St,Ibadan,Ogun,Nigeria,Telecommunications,20000000,15,Active,NGN,2024-05-06
003184b1-b880-4c24-b941-3b4082d3cd10,CUST-0236,Sterling Solutions,Quadri,Chukwu,quadri.chukwu@sterlingsolu.com,+2348351202450,140 Broad Street,Kaduna,Kaduna,Nigeria,Oil & Gas,5000000,90,Active,NGN,2024-04-03
61d5138f-fcac-4e88-8b0d-5b3b7cbd4a4b,CUST-0237,Heritage Solutions,Gbenga,Adeyemi,gbenga.adeyemi@heritagesolu.com,+2348502133008,74 Broad Street,Kano,Lagos,Nigeria,Banking,500000,15,Active,NGN,2024-05-09
9f65d4c3-1a95-40c7-b45a-e28fc3fac167,CUST-0238,Emerald Industries,Femi,Williams,femi.williams@emeraldindus.com,+2348022382909,21 Herbert Macaulay Way,Warri,Delta,Nigeria,Logistics,1000000,45,Active,NGN,2024-03-20
d71a139f-520a-4c65-84f9-97fc0984f6c8,CUST-0239,Pinnacle & Sons,Mohammed,Kalu,mohammed.kalu@pinnaclesons.com,+2348002109227,30 Marina Rd,Ibadan,Kano,Nigeria,Banking,500000,30,Active,NGN,2024-04-21
d7dfa609-f71c-42b8-bfa9-ce38f3d31a5f,CUST-0240,Coral International,Funke,Johnson,funke.johnson@coralinterna.com,+2348703946849,89 Herbert Macaulay Way,Lagos,Abuja,Nigeria,Oil & Gas,20000000,15,Active,NGN,2024-05-07
73fe5ec1-6d5d-482f-845d-a6a195cd90dc,CUST-0241,Emerald Nigeria Limited,Musa,Lawal,musa.lawal@emeraldniger.com,+2347325509119,68 Broad Street,Lagos,Abuja,Nigeria,Construction,5000000,45,Active,NGN,2024-01-17
2eb09d3f-431a-4333-a070-2bb6abc8ed9c,CUST-0242,Titan Plc,Janet,Okafor,janet.okafor@titanplc.com,+2348307041876,198 Adeola Odeku St,Benin City,Lagos,Nigeria,Logistics,1000000,45,Active,NGN,2024-03-06
5ad63bcf-45ab-4ce1-8493-dae6b207b136,CUST-0243,Titan Plc,Rasheed,Yakubu,rasheed.yakubu@titanplc.com,+2348301043092,39 Admiralty Way,Lagos,Lagos,Nigeria,Banking,500000,60,Active,NGN,2024-04-08
5b40418c-4824-408b-8708-668945da7104,CUST-0244,Apex Services,Efe,Hassan,efe.hassan@apexservices.com,+2347825165165,129 Broad Street,Kaduna,Oyo,Nigeria,Telecommunications,500000,90,Active,NGN,2024-01-31
36b53383-8c3e-4d52-b833-5999b2611e2e,CUST-0245,Apex & Sons,Rasheed,Adeleke,rasheed.adeleke@apexsons.com,+2348321770553,142 Marina Rd,Abuja,Oyo,Nigeria,Healthcare,2000000,45,Active,NGN,2024-01-23
9fcc48ec-6a93-461f-80a0-228f56e384b8,CUST-0246,Zenith Enterprises,Olumide,Johnson,olumide.johnson@zenithenterp.com,+2348446098752,188 Herbert Macaulay Way,Abeokuta,Anambra,Nigeria,Healthcare,2000000,90,Active,NGN,2024-02-20
37227cae-3f4b-4df2-9a3b-2edc79016ab1,CUST-0247,Sterling & Sons,Adebayo,Emenike,adebayo.emenike@sterlingsons.com,+2348041401147,195 Broad Street,Warri,Ogun,Nigeria,Construction,20000000,15,Active,NGN,2024-01-01
9ac03377-205a-4512-af37-9ddf3fad7262,CUST-0248,Nexus Nigeria Limited,Ibrahim,Garba,ibrahim.garba@nexusnigeria.com,+2348354995789,60 Herbert Macaulay Way,Benin City,Oyo,Nigeria,Technology,1000000,45,Active,NGN,2024-01-12
d72e6221-d9fb-4f20-83d7-7745ab68f815,CUST-0249,Fortis Enterprises,Hassan,Yakubu,hassan.yakubu@fortisenterp.com,+2347212603516,112 Broad Street,Port Harcourt,Delta,Nigeria,Agriculture,500000,90,Inactive,NGN,2024-01-16
6eb2df43-1d23-4a37-a618-7969dc604aa4,CUST-0250,Atlantic Group,Vivian,Igwe,vivian.igwe@atlanticgrou.com,+2347807592651,35 Herbert Macaulay Way,Kaduna,Kaduna,Nigeria,Healthcare,2000000,30,Active,NGN,2024-02-21
8a6f8891-b1b8-4047-b7e2-87ff4442b8d7,CUST-0251,Prime & Sons,Ibrahim,Fashola,ibrahim.fashola@primesons.com,+2348158819107,79 Marina Rd,Ibadan,Kaduna,Nigeria,Manufacturing,10000000,45,Active,NGN,2024-04-25
92899822-e226-4da9-bb7c-9ea704b45959,CUST-0252,Vanguard Plc,Halima,Fashola,halima.fashola@vanguardplc.com,+2349066103880,92 Marina Rd,Lagos,Anambra,Nigeria,Banking,2000000,30,Active,NGN,2024-03-04
1621d7f2-032f-4bb7-a7da-f5a8e3f1f569,CUST-0253,Emerald Ltd,Wale,Igwe,wale.igwe@emeraldltd.com,+2349093917016,119 Adeola Odeku St,Ibadan,Lagos,Nigeria,Healthcare,10000000,90,Active,NGN,2024-01-25
d0c62f4c-d21e-4c8d-a1c2-e26b8f00371b,CUST-0254,Atlantic Plc,Adebayo,Bakare,adebayo.bakare@atlanticplc.com,+2348994729376,67 Adeola Odeku St,Abeokuta,Rivers,Nigeria,Agriculture,2000000,15,Inactive,NGN,2024-05-30
6359fa1f-3884-4d00-9ca7-a3615f209c4e,CUST-0255,Zenith Plc,Olumide,Dikko,olumide.dikko@zenithplc.com,+2348658439543,44 Herbert Macaulay Way,Abuja,Rivers,Nigeria,Construction,500000,15,Active,NGN,2024-01-13
80a7c465-9346-4ec9-b245-7166738bcf15,CUST-0256,Fortis Industries,Janet,Adeyemi,janet.adeyemi@fortisindust.com,+2347978158234,39 Adeola Odeku St,Kaduna,Rivers,Nigeria,Banking,1000000,45,Active,NGN,2024-04-24
5b964189-b4bd-4ebb-8edc-98adbf51051b,CUST-0257,Coral International,Ruth,Hassan,ruth.hassan@coralinterna.com,+2348655951043,99 Admiralty Way,Ibadan,Edo,Nigeria,Retail,5000000,15,Active,NGN,2024-03-12
3e65aa15-9840-40b2-9570-cc39b4ef67d1,CUST-0258,Fortis Group,Lola,Hassan,lola.hassan@fortisgroup.com,+2348611327658,129 Ozumba Mbadiwe,Kaduna,Oyo,Nigeria,Healthcare,10000000,60,Active,NGN,2024-05-24
ae0a69d6-1b07-46f5-acf8-21a0f5ed36f5,CUST-0259,Nexus Nigeria Limited,Ngozi,Adeyemi,ngozi.adeyemi@nexusnigeria.com,+2347814674549,60 Admiralty Way,Kano,Lagos,Nigeria,Technology,5000000,90,Active,NGN,2024-05-29
9905ab89-137f-4a8c-b15d-1587e1da4d99,CUST-0260,Prime Group,Sade,Igwe,sade.igwe@primegroup.com,+2348361937991,152 Ozumba Mbadiwe,Onitsha,Ogun,Nigeria,Agriculture,2000000,30,Active,NGN,2024-03-01
70addbf7-e129-47de-8992-8cba3bacbb7a,CUST-0261,Summit International,Chioma,Williams,chioma.williams@summitintern.com,+2348796900247,80 Admiralty Way,Onitsha,Anambra,Nigeria,Oil & Gas,10000000,30,Active,NGN,2024-05-18
f67a1565-e428-4cd4-b591-1906acbe43bb,CUST-0262,Crown Ltd,Halima,Bakare,halima.bakare@crownltd.com,+2347594671004,34 Ozumba Mbadiwe,Warri,Lagos,Nigeria,Healthcare,500000,45,Inactive,NGN,2024-02-21
48ce1059-ccb0-4856-81e6-80ca56cf038b,CUST-0263,Heritage Enterprises,Funke,Adeyemi,funke.adeyemi@heritageente.com,+2347373376537,26 Ozumba Mbadiwe,Warri,Abuja,Nigeria,Construction,500000,45,Active,NGN,2024-05-30
5430fc39-b547-4b24-a424-3a311a15980a,CUST-0264,Quantum Enterprises,Kunle,Fashola,kunle.fashola@quantumenter.com,+2348878329435,58 Broad Street,Kaduna,Edo,Nigeria,Oil & Gas,20000000,90,Inactive,NGN,2024-04-01
0fb26e05-a289-41b9-ba29-3c9e2f79948e,CUST-0265,Titan & Sons,Chidi,Johnson,chidi.johnson@titansons.com,+2348875941179,9 Admiralty Way,Port Harcourt,Rivers,Nigeria,Technology,20000000,90,Active,NGN,2024-05-25
1797b5aa-90b2-47ae-b212-ce20df984133,CUST-0266,Coral Enterprises,Ruth,Hassan,ruth.hassan@coralenterpr.com,+2348632746679,82 Admiralty Way,Port Harcourt,Edo,Nigeria,Construction,20000000,15,Active,NGN,2024-03-29
2c8f6d06-5e62-4802-a47c-fa8695a8a0f2,CUST-0267,Global Enterprises,Grace,Adeyemi,grace.adeyemi@globalenterp.com,+2347674517918,99 Marina Rd,Abuja,Ogun,Nigeria,Construction,2000000,15,Active,NGN,2024-01-13
245f17d9-29b2-4723-bb98-4e9b5d47ba76,CUST-0268,Fortis & Sons,Efe,Peters,efe.peters@fortissons.com,+2347966892681,116 Adeola Odeku St,Ibadan,Delta,Nigeria,Manufacturing,5000000,90,Active,NGN,2024-02-11
9d6fe4a1-85fe-4511-8d62-4a76ab18261b,CUST-0269,Apex Nigeria Limited,Chioma,Kalu,chioma.kalu@apexnigerial.com,+2347662756994,24 Ozumba Mbadiwe,Kaduna,Abuja,Nigeria,Oil & Gas,5000000,30,Active,NGN,2024-05-20
f065ec9c-e10d-46f8-8206-1126779b2dca,CUST-0270,Coral International,Ifeanyi,Williams,ifeanyi.williams@coralinterna.com,+2347078236404,53 Admiralty Way,Onitsha,Rivers,Nigeria,Agriculture,1000000,15,Active,NGN,2024-03-25
17b05e3c-160e-42ce-9418-5150d836ab58,CUST-0271,Fortis Services,Mohammed,Igwe,mohammed.igwe@fortisservic.com,+2348695723173,126 Admiralty Way,Abeokuta,Kano,Nigeria,Manufacturing,500000,60,Inactive,NGN,2024-05-20
cf401815-2c54-4558-8a25-3230afc5f091,CUST-0272,Apex Enterprises,Adebayo,Nnamdi,adebayo.nnamdi@apexenterpri.com,+2347225941719,164 Ozumba Mbadiwe,Benin City,Anambra,Nigeria,Banking,500000,15,Active,NGN,2024-02-13
4e336f88-0e71-4060-9459-ecc8e79cb232,CUST-0273,Global Solutions,Jumoke,Johnson,jumoke.johnson@globalsoluti.com,+2349007668395,95 Marina Rd,Benin City,Edo,Nigeria,Telecommunications,500000,90,Active,NGN,2024-02-17
46d9b1b1-2cf3-4298-ab87-cae22a9c878c,CUST-0274,Summit & Sons,Grace,Bakare,grace.bakare@summitsons.com,+2347678377620,193 Broad Street,Kano,Edo,Nigeria,Banking,2000000,90,Active,NGN,2024-02-08
b675a95d-bb3b-4ae7-bc0b-9dc94aebc6a6,CUST-0275,Prime Plc,Aisha,Adeleke,aisha.adeleke@primeplc.com,+2348387945543,138 Broad Street,Abeokuta,Anambra,Nigeria,Retail,500000,60,Active,NGN,2024-04-17
e2f090a2-1a54-4bee-a275-766f6625296d,CUST-0276,Crown International,Sade,Peters,sade.peters@crowninterna.com,+2347762324645,159 Admiralty Way,Lagos,Oyo,Nigeria,Retail,10000000,90,Inactive,NGN,2024-06-22
796b5370-cd9a-4c1b-a641-30dc2c90b2ed,CUST-0277,Prime Solutions,Ngozi,Fashola,ngozi.fashola@primesolutio.com,+2347544233407,38 Herbert Macaulay Way,Lagos,Rivers,Nigeria,Agriculture,500000,60,Active,NGN,2024-06-09
646f2651-62f9-4f12-b848-57dedf9153e2,CUST-0278,Vanguard Enterprises,Gbenga,Chukwu,gbenga.chukwu@vanguardente.com,+2347997666510,160 Herbert Macaulay Way,Kaduna,Delta,Nigeria,Telecommunications,10000000,60,Active,NGN,2024-06-28
0d3db867-d2ab-47e8-a125-3c7f75b602aa,CUST-0279,Emerald Industries,Jumoke,Nnamdi,jumoke.nnamdi@emeraldindus.com,+2347383486379,74 Herbert Macaulay Way,Onitsha,Anambra,Nigeria,Logistics,500000,15,Inactive,NGN,2024-01-26
64213916-635e-44ce-b4f9-75fb952253db,CUST-0280,Summit Industries,Tunde,Madu,tunde.madu@summitindust.com,+2348679146760,37 Herbert Macaulay Way,Onitsha,Anambra,Nigeria,Healthcare,500000,30,Active,NGN,2024-04-13
a6c2815d-75e1-4413-b885-a789d6faf43a,CUST-0281,Coral Industries,Emeka,Madu,emeka.madu@coralindustr.com,+2347844985919,80 Ozumba Mbadiwe,Benin City,Lagos,Nigeria,Telecommunications,2000000,15,Active,NGN,2024-03-18
ddc2c562-3f18-49f2-9c08-ee77194d8fec,CUST-0282,Crown Plc,Rasheed,Eze,rasheed.eze@crownplc.com,+2347768434162,55 Marina Rd,Kano,Kaduna,Nigeria,Agriculture,10000000,15,Active,NGN,2024-04-23
88470e19-dad0-413b-ba8b-4c5c6d127cc8,CUST-0283,Crown Services,Bola,Balogun,bola.balogun@crownservice.com,+2347149644791,200 Herbert Macaulay Way,Abuja,Rivers,Nigeria,Telecommunications,20000000,90,Active,NGN,2024-02-04
2e51e128-81b7-4bd7-9aca-f38aaa7c0929,CUST-0284,Titan Ltd,Ngozi,Garba,ngozi.garba@titanltd.com,+2347511966829,95 Marina Rd,Lagos,Ogun,Nigeria,Healthcare,500000,45,Active,NGN,2024-03-11
b88c0967-5b3d-4b72-b625-638a4d57e883,CUST-0285,Emerald Industries,Jumoke,Victor,jumoke.victor@emeraldindus.com,+2347075059047,142 Ozumba Mbadiwe,Benin City,Kaduna,Nigeria,Logistics,5000000,30,Active,NGN,2024-05-30
8dc3b67c-fe7a-41a5-a7b9-0951ecfa09e5,CUST-0286,Summit & Sons,Tunde,Yakubu,tunde.yakubu@summitsons.com,+2348762516524,57 Broad Street,Lagos,Kano,Nigeria,Agriculture,500000,30,Inactive,NGN,2024-02-24
235eb5cd-7ee6-4479-9d0e-3ab12acd1756,CUST-0287,Sterling Group,Uche,Udoh,uche.udoh@sterlinggrou.com,+2348049611430,58 Ozumba Mbadiwe,Lagos,Lagos,Nigeria,Healthcare,1000000,30,Inactive,NGN,2024-01-03
45ea716c-8207-451b-892c-f60c1fa24b9f,CUST-0288,Coral Nigeria Limited,Uche,Nnamdi,uche.nnamdi@coralnigeria.com,+2347966850369,102 Herbert Macaulay Way,Kano,Edo,Nigeria,Banking,5000000,45,Active,NGN,2024-06-08
0dded01c-2f58-49fe-8f12-a55b4501aedb,CUST-0289,Prime Ltd,Kehinde,Victor,kehinde.victor@primeltd.com,+2347955742531,84 Ozumba Mbadiwe,Abuja,Kano,Nigeria,Healthcare,500000,45,Active,NGN,2024-06-12
7fdbf295-f1ad-4f5d-9189-e92a5f8e0e99,CUST-0290,Vanguard Nigeria Limited,Olumide,Eze,olumide.eze@vanguardnige.com,+2348325031599,168 Marina Rd,Onitsha,Lagos,Nigeria,Agriculture,20000000,45,Active,NGN,2024-01-07
576bb8dc-5053-49bf-919b-5ef7cac95308,CUST-0291,Quantum Nigeria Limited,Efe,Madu,efe.madu@quantumniger.com,+2347991592554,122 Broad Street,Onitsha,Anambra,Nigeria,Banking,2000000,30,Active,NGN,2024-06-12
52e12000-e443-4e2f-96fa-fb8ae6424592,CUST-0292,Summit Services,Wale,Chibueze,wale.chibueze@summitservic.com,+2347434038955,175 Ozumba Mbadiwe,Abuja,Kano,Nigeria,Healthcare,1000000,45,Active,NGN,2024-02-16
b437f4cf-3cfe-411c-9112-b85e3e3233cb,CUST-0293,Global Group,Aisha,Hassan,aisha.hassan@globalgroup.com,+2348906152035,31 Marina Rd,Kaduna,Oyo,Nigeria,Construction,2000000,90,Active,NGN,2024-04-28
55609811-915c-4e8f-8c5d-b820379ad0dc,CUST-0294,Apex International,Precious,Taiwo,precious.taiwo@apexinternat.com,+2347188922531,106 Adeola Odeku St,Warri,Ogun,Nigeria,Manufacturing,20000000,60,Active,NGN,2024-03-17
69f401c2-30e5-49cb-9183-d6f31f4624cb,CUST-0295,Atlantic & Sons,Olumide,Kalu,olumide.kalu@atlanticsons.com,+2348048676774,46 Ozumba Mbadiwe,Kaduna,Rivers,Nigeria,Oil & Gas,500000,60,Active,NGN,2024-06-10
8663a261-8a59-4aaa-b188-1df294589750,CUST-0296,Apex Ltd,Grace,Igwe,grace.igwe@apexltd.com,+2347533828735,163 Marina Rd,Port Harcourt,Anambra,Nigeria,Healthcare,500000,30,Inactive,NGN,2024-04-21
d9e9cc62-9917-417a-9348-a7c0ca9136c9,CUST-0297,Nexus Industries,Ifeanyi,Madu,ifeanyi.madu@nexusindustr.com,+2347011632925,5 Broad Street,Abeokuta,Delta,Nigeria,Construction,500000,45,Active,NGN,2024-02-18
213e4ad0-4d59-4fa3-a819-82a9c44f7d1b,CUST-0298,Zenith Group,Rasheed,Williams,rasheed.williams@zenithgroup.com,+2347886236039,17 Adeola Odeku St,Abuja,Rivers,Nigeria,Agriculture,10000000,90,Active,NGN,2024-02-12
fbbcc329-bbf8-413a-913d-e063e3986145,CUST-0299,Quantum Nigeria Limited,Hassan,Yakubu,hassan.yakubu@quantumniger.com,+2348339793234,43 Marina Rd,Ibadan,Kaduna,Nigeria,Oil & Gas,2000000,60,Active,NGN,2024-02-18
03287ae7-0f53-4507-b502-c66e55c38241,CUST-0300,Zenith Group,Rasheed,Yakubu,rasheed.yakubu@zenithgroup.com,+2347334543184,10 Marina Rd,Onitsha,Lagos,Nigeria,Retail,1000000,15,Active,NGN,2024-06-15
1a5ad7ab-131f-4a47-9758-b86baab2e1ca,CUST-0301,Vanguard Services,Ruth,Bakare,ruth.bakare@vanguardserv.com,+2348521804641,98 Adeola Odeku St,Lagos,Abuja,Nigeria,Technology,20000000,15,Active,NGN,2024-04-23
b374f8bc-a4a9-4b0d-82f6-e02b34b5665c,CUST-0302,Pacific Nigeria Limited,Ifeanyi,Williams,ifeanyi.williams@pacificniger.com,+2347394447632,160 Herbert Macaulay Way,Kano,Lagos,Nigeria,Agriculture,20000000,15,Active,NGN,2024-03-10
37e85d7a-501e-4201-a646-3706a1e856c7,CUST-0303,Atlantic Industries,Ibrahim,Quadri,ibrahim.quadri@atlanticindu.com,+2348842975258,200 Ozumba Mbadiwe,Abuja,Kano,Nigeria,Manufacturing,5000000,30,Inactive,NGN,2024-02-21
ca730add-8478-4ca5-a73d-6241730deff1,CUST-0304,Emerald Group,Aisha,Williams,aisha.williams@emeraldgroup.com,+2348045955170,61 Adeola Odeku St,Lagos,Rivers,Nigeria,Retail,5000000,30,Active,NGN,2024-03-25
03dff10f-6e9c-476c-9a31-1813a04b7152,CUST-0305,Zenith Plc,Jumoke,Balogun,jumoke.balogun@zenithplc.com,+2348469289690,60 Marina Rd,Abuja,Rivers,Nigeria,Retail,500000,15,Active,NGN,2024-06-13
e2727206-161f-4318-b710-2db82c5e8372,CUST-0306,Quantum Nigeria Limited,Hassan,Bakare,hassan.bakare@quantumniger.com,+2347253931009,25 Adeola Odeku St,Kano,Lagos,Nigeria,Construction,20000000,45,Active,NGN,2024-01-30
e32e1c76-a328-4e86-b9d4-07816c7e7b2b,CUST-0307,Zenith & Sons,Musa,Kalu,musa.kalu@zenithsons.com,+2347918343630,103 Marina Rd,Kano,Anambra,Nigeria,Manufacturing,2000000,45,Active,NGN,2024-01-30
7f1cf9d2-90f2-4b87-9243-5112a66f677e,CUST-0308,Alpha Nigeria Limited,Chidi,Williams,chidi.williams@alphanigeria.com,+2348228075620,107 Herbert Macaulay Way,Abuja,Rivers,Nigeria,Oil & Gas,20000000,15,Active,NGN,2024-01-27
3a8fb860-35eb-4f5f-8707-3c51eafc53e1,CUST-0309,Crown International,Grace,Fashola,grace.fashola@crowninterna.com,+2348567371160,29 Marina Rd,Onitsha,Kaduna,Nigeria,Technology,20000000,30,Active,NGN,2024-05-04
eac63ff2-1d0d-410f-9a59-e57be3522795,CUST-0310,Alpha Ltd,Gbenga,Igwe,gbenga.igwe@alphaltd.com,+2348676272037,87 Herbert Macaulay Way,Warri,Lagos,Nigeria,Logistics,20000000,90,Active,NGN,2024-06-20
112c8b7a-93a0-46a7-9883-7bc616596152,CUST-0311,Emerald International,Ibrahim,Nnamdi,ibrahim.nnamdi@emeraldinter.com,+2348695170429,3 Broad Street,Kaduna,Edo,Nigeria,Agriculture,1000000,90,Inactive,NGN,2024-01-14
b46ba82d-681d-4eff-aab7-a9c7b31f6c51,CUST-0312,Heritage Services,Ifeanyi,Chibueze,ifeanyi.chibueze@heritageserv.com,+2348263775016,130 Admiralty Way,Benin City,Abuja,Nigeria,Construction,1000000,45,Active,NGN,2024-01-13
ddf1043e-efe7-421f-be62-87fdaff551cb,CUST-0313,Pacific Industries,Dayo,Balogun,dayo.balogun@pacificindus.com,+2347602322557,81 Adeola Odeku St,Benin City,Edo,Nigeria,Logistics,5000000,15,Active,NGN,2024-04-24
4d21380b-e08f-4c72-b092-32df459f7a10,CUST-0314,Crown Ltd,Ibrahim,Madu,ibrahim.madu@crownltd.com,+2348051601160,78 Herbert Macaulay Way,Warri,Delta,Nigeria,Technology,500000,90,Inactive,NGN,2024-06-12
c40c2ab9-c5f8-4a09-b7da-bffdc0cef2bb,CUST-0315,Pacific Group,Hassan,Kalu,hassan.kalu@pacificgroup.com,+2347931910586,184 Broad Street,Benin City,Ogun,Nigeria,Construction,10000000,90,Inactive,NGN,2024-05-01
acfe7275-c0de-48fd-ba34-26d2d5efbeb1,CUST-0316,Summit Solutions,Jumoke,Danjuma,jumoke.danjuma@summitsoluti.com,+2348944720299,96 Broad Street,Kaduna,Lagos,Nigeria,Construction,20000000,45,Active,NGN,2024-05-13
bb9ac7ca-9fcc-4aae-b45b-862059857a22,CUST-0317,Prime Ltd,Musa,Peters,musa.peters@primeltd.com,+2347357865417,56 Marina Rd,Kano,Abuja,Nigeria,Logistics,1000000,30,Active,NGN,2024-04-10
a60df9d2-e0fd-41dd-811b-12e19b768ed6,CUST-0318,Pinnacle Enterprises,Ibrahim,Zubairu,ibrahim.zubairu@pinnacleente.com,+2348061780146,128 Adeola Odeku St,Abuja,Anambra,Nigeria,Healthcare,5000000,90,Active,NGN,2024-02-04
8dd96669-b3cb-46ad-9ef0-8bffc358b034,CUST-0319,Emerald Ltd,Nneka,Emenike,nneka.emenike@emeraldltd.com,+2348109102253,169 Herbert Macaulay Way,Port Harcourt,Delta,Nigeria,Logistics,1000000,30,Active,NGN,2024-04-09
278e2958-76e6-44a1-a030-a88942ecf424,CUST-0320,Coral Enterprises,Kehinde,Dikko,kehinde.dikko@coralenterpr.com,+2347988024028,35 Admiralty Way,Abeokuta,Anambra,Nigeria,Telecommunications,5000000,45,Active,NGN,2024-04-25
65fcd264-a4ea-4823-807e-3b0059d9e4c4,CUST-0321,Fortis International,Kehinde,Johnson,kehinde.johnson@fortisintern.com,+2348796266549,89 Broad Street,Abeokuta,Delta,Nigeria,Banking,1000000,90,Active,NGN,2024-06-24
953e283e-fded-4b52-961b-a1846e61f463,CUST-0322,Atlantic & Sons,Kehinde,Rufai,kehinde.rufai@atlanticsons.com,+2348776408662,182 Marina Rd,Kaduna,Abuja,Nigeria,Retail,5000000,90,Inactive,NGN,2024-06-19
49e00aa1-1610-418f-96c9-793223764b0b,CUST-0323,Pacific Nigeria Limited,Femi,Adeleke,femi.adeleke@pacificniger.com,+2347039769953,69 Admiralty Way,Lagos,Abuja,Nigeria,Agriculture,1000000,15,Active,NGN,2024-02-21
bc15f8da-cb4e-4532-819e-538a3b518512,CUST-0324,Quantum Nigeria Limited,Latifah,Balogun,latifah.balogun@quantumniger.com,+2347155951637,173 Broad Street,Warri,Ogun,Nigeria,Technology,2000000,60,Active,NGN,2024-06-06
9a901202-17b0-44f8-9a7b-ae5c2ecc986d,CUST-0325,Pacific Group,Nneka,Madu,nneka.madu@pacificgroup.com,+2347609571853,14 Adeola Odeku St,Lagos,Kano,Nigeria,Agriculture,5000000,60,Active,NGN,2024-05-21
82948216-2ef6-4c7b-a8d7-416aaed25b3c,CUST-0326,Vanguard Group,Ruth,Chibueze,ruth.chibueze@vanguardgrou.com,+2348998433377,76 Marina Rd,Kaduna,Ogun,Nigeria,Logistics,10000000,90,Active,NGN,2024-02-19
c3ae45cb-c486-4280-91b1-e4eb30cadbf3,CUST-0327,Heritage Plc,Ngozi,Fashola,ngozi.fashola@heritageplc.com,+2348889620919,34 Admiralty Way,Ibadan,Abuja,Nigeria,Technology,5000000,45,Active,NGN,2024-03-08
177281fd-7a89-436b-9516-a416693517b8,CUST-0328,Titan Nigeria Limited,Adebayo,Kalu,adebayo.kalu@titannigeria.com,+2348193597208,78 Marina Rd,Port Harcourt,Lagos,Nigeria,Construction,10000000,15,Inactive,NGN,2024-06-18
a2af8fb5-b193-4062-8333-05bd23d2a923,CUST-0329,Titan Services,Aisha,Chukwu,aisha.chukwu@titanservice.com,+2349006332789,107 Herbert Macaulay Way,Abeokuta,Delta,Nigeria,Oil & Gas,10000000,15,Active,NGN,2024-02-10
e388d1fa-8026-461c-a397-ad45b57bcb6c,CUST-0330,Pacific Industries,Halima,Lawal,halima.lawal@pacificindus.com,+2347564579482,122 Herbert Macaulay Way,Kaduna,Kaduna,Nigeria,Construction,2000000,30,Inactive,NGN,2024-05-15
ee393475-ae5d-47bd-8159-1b1deb330c4c,CUST-0331,Zenith Plc,Aisha,Okafor,aisha.okafor@zenithplc.com,+2347615090740,186 Ozumba Mbadiwe,Kaduna,Lagos,Nigeria,Agriculture,500000,60,Active,NGN,2024-05-18
926161f0-4c48-49b8-b484-ec2c2ca2e992,CUST-0332,Zenith Services,Bola,Quadri,bola.quadri@zenithservic.com,+2349059535166,22 Adeola Odeku St,Benin City,Edo,Nigeria,Technology,2000000,30,Active,NGN,2024-05-11
1139b18c-535c-4d33-8e9b-9251c9214481,CUST-0333,Heritage Services,Mohammed,Adeyemi,mohammed.adeyemi@heritageserv.com,+2348602098434,190 Marina Rd,Abeokuta,Ogun,Nigeria,Agriculture,500000,30,Active,NGN,2024-06-28
5e4431e3-40ac-4d73-b931-dac4f420b49c,CUST-0334,Global & Sons,Chioma,Okafor,chioma.okafor@globalsons.com,+2348836565260,19 Herbert Macaulay Way,Abuja,Lagos,Nigeria,Manufacturing,500000,30,Active,NGN,2024-05-22
9bc0bf6b-d194-4e23-8f3f-323ef92e6d62,CUST-0335,Sterling Nigeria Limited,Efe,Madu,efe.madu@sterlingnige.com,+2348157785511,165 Broad Street,Kaduna,Oyo,Nigeria,Technology,5000000,15,Active,NGN,2024-01-02
ea1c346b-43f1-444c-8cdb-a27ccc4920ef,CUST-0336,Coral Plc,Precious,Bakare,precious.bakare@coralplc.com,+2348792217848,73 Marina Rd,Warri,Kaduna,Nigeria,Manufacturing,2000000,45,Inactive,NGN,2024-01-23
ad3e2aa2-1a20-4309-a583-5468bb0ae6df,CUST-0337,Nexus Industries,Chioma,Peters,chioma.peters@nexusindustr.com,+2347409950103,174 Broad Street,Port Harcourt,Ogun,Nigeria,Agriculture,10000000,45,Active,NGN,2024-03-17
7091ea01-3baf-4d23-a71b-ec56cf0773db,CUST-0338,Summit Ltd,Nneka,Chibueze,nneka.chibueze@summitltd.com,+2348423371859,141 Adeola Odeku St,Lagos,Abuja,Nigeria,Technology,10000000,90,Active,NGN,2024-05-17
28057066-f5aa-426b-9c88-f13eaa96df85,CUST-0339,Quantum Group,Aisha,Garba,aisha.garba@quantumgroup.com,+2348059599207,30 Admiralty Way,Port Harcourt,Rivers,Nigeria,Oil & Gas,1000000,90,Active,NGN,2024-02-19
1a86e21b-1ea3-4fd6-88fc-a78b78297d6e,CUST-0340,Titan Ltd,Nneka,Okafor,nneka.okafor@titanltd.com,+2348652227162,85 Ozumba Mbadiwe,Abuja,Kano,Nigeria,Telecommunications,500000,30,Inactive,NGN,2024-05-04
9ba80749-9466-4cb0-97ca-7d747f34fed9,CUST-0341,Atlantic Group,Ibrahim,Johnson,ibrahim.johnson@atlanticgrou.com,+2348582171198,79 Broad Street,Kaduna,Ogun,Nigeria,Healthcare,5000000,45,Inactive,NGN,2024-06-17
af68db39-f288-4113-8c1a-41e438b022ef,CUST-0342,Titan & Sons,Olu,Sanusi,olu.sanusi@titansons.com,+2347936307189,112 Ozumba Mbadiwe,Port Harcourt,Oyo,Nigeria,Technology,2000000,30,Active,NGN,2024-06-13
91710977-9e33-4fc8-bc06-39f0b2705fe4,CUST-0343,Summit & Sons,Zainab,Dikko,zainab.dikko@summitsons.com,+2348228765307,166 Herbert Macaulay Way,Kaduna,Edo,Nigeria,Telecommunications,5000000,90,Active,NGN,2024-02-14
a9d5c23f-b59f-4e7f-812d-54492062f539,CUST-0344,Global Nigeria Limited,Kunle,Dikko,kunle.dikko@globalnigeri.com,+2348374295580,149 Marina Rd,Abuja,Kano,Nigeria,Manufacturing,500000,90,Active,NGN,2024-05-28
8500b969-3941-4939-9c4d-46ac8cdd78d8,CUST-0345,Titan Group,Emeka,Rufai,emeka.rufai@titangroup.com,+2347668920589,119 Herbert Macaulay Way,Kaduna,Rivers,Nigeria,Agriculture,1000000,90,Active,NGN,2024-02-04
74106256-af08-4336-abf2-73c25a4f32ad,CUST-0346,Emerald Plc,Dayo,Lawal,dayo.lawal@emeraldplc.com,+2348281177698,46 Herbert Macaulay Way,Onitsha,Ogun,Nigeria,Oil & Gas,10000000,30,Active,NGN,2024-02-10
748272a2-d9be-4e72-8a91-c1402e8597c4,CUST-0347,Titan & Sons,Ifeanyi,Lawal,ifeanyi.lawal@titansons.com,+2347104671175,172 Admiralty Way,Abeokuta,Edo,Nigeria,Manufacturing,2000000,45,Active,NGN,2024-01-11
eafaa4ef-8c94-439f-b371-4dbd04dba74f,CUST-0348,Emerald Enterprises,Chidi,Peters,chidi.peters@emeraldenter.com,+2348161779091,149 Herbert Macaulay Way,Kaduna,Lagos,Nigeria,Manufacturing,20000000,90,Active,NGN,2024-03-08
9acdf85a-a8f8-4513-84fe-993c8e449ef7,CUST-0349,Titan & Sons,Chidi,Udoh,chidi.udoh@titansons.com,+2347967128662,104 Ozumba Mbadiwe,Abuja,Anambra,Nigeria,Retail,2000000,60,Active,NGN,2024-05-12
f124cd0d-706b-4724-8407-24ec1488a3c4,CUST-0350,Summit Solutions,Ifeanyi,Dikko,ifeanyi.dikko@summitsoluti.com,+2348541110690,165 Ozumba Mbadiwe,Port Harcourt,Delta,Nigeria,Healthcare,1000000,30,Active,NGN,2024-05-11
