id,project_id,cost_date,cost_category,description,amount,vendor_id,currency,created_at
610776c3-9543-43b1-819d-28f86c9aa5bc,a9f7f2f8-ed4e-42dd-add2-a9e098bd0df4,2025-02-12,Equipment,Equipment cost for Lagos Factory Expansion,4229174.62,95afdeab-72b8-46da-b3a5-f7b7eff5e40c,NGN,2026-02-23 10:54:52.259430
1e4ff4c1-4e7c-4e3d-88d2-963fbf677465,a9f7f2f8-ed4e-42dd-add2-a9e098bd0df4,2025-04-03,Labour,Labour cost for Lagos Factory Expansion,7096546.97,b55f6d95-eaaf-4c75-9e0a-c2c0769048af,NGN,2026-02-23 10:54:52.259454
ea14de36-d3e0-4560-943c-16d7bf2b3b58,a9f7f2f8-ed4e-42dd-add2-a9e098bd0df4,2025-06-27,Labour,Labour cost for Lagos Factory Expansion,3324897.18,679e2c23-49be-4cca-9bc2-6f4dfcdd2b36,NGN,2026-02-23 10:54:52.259481
81c6a1cd-fe28-48d2-83aa-a9687a0cc354,a9f7f2f8-ed4e-42dd-add2-a9e098bd0df4,2025-02-14,Equipment,Equipment cost for Lagos Factory Expansion,3169581.0,61db2be2-4c79-4d43-bc0a-6e89045ebd5f,NGN,2026-02-23 10:54:52.259493
0783c60a-2308-432f-8499-a8ff5beee842,a9f7f2f8-ed4e-42dd-add2-a9e098bd0df4,2024-12-03,Subcontractor,Subcontractor cost for Lagos Factory Expansion,7065508.62,c20737cc-c63a-4880-8ad3-31b76a98bb60,NGN,2026-02-23 10:54:52.259503
cbba972c-f09b-4fb9-9342-db893217a43d,a9f7f2f8-ed4e-42dd-add2-a9e098bd0df4,2025-03-20,Subcontractor,Subcontractor cost for Lagos Factory Expansion,6547412.49,501d52c4-6a8b-47d4-8abe-1ce8a7f53a43,NGN,2026-02-23 10:54:52.259518
75a7e08e-b366-4fa4-b4f5-9835be24df02,a9f7f2f8-ed4e-42dd-add2-a9e098bd0df4,2025-01-11,Subcontractor,Subcontractor cost for Lagos Factory Expansion,2587864.54,e93b5b44-3e5b-4c8e-9bc0-a92d905eab15,NGN,2026-02-23 10:54:52.259527
21931158-20dc-4a57-a8b6-feecacf64132,a9f7f2f8-ed4e-42dd-add2-a9e098bd0df4,2025-04-16,Consulting,Consulting cost for Lagos Factory Expansion,912586.9,67e8607a-1bed-4014-8ea7-47bfa8d0612c,NGN,2026-02-23 10:54:52.259541
4ebb087d-58b9-49c7-8619-308bd6ff1aba,a9f7f2f8-ed4e-42dd-add2-a9e098bd0df4,2025-02-03,Subcontractor,Subcontractor cost for Lagos Factory Expansion,3079389.34,a0b5177f-70c4-486c-8065-72c5c2283572,NGN,2026-02-23 10:54:52.259552
31e74cca-a9b4-4e9e-a6f9-84f57c3eb739,a9f7f2f8-ed4e-42dd-add2-a9e098bd0df4,2024-11-04,Subcontractor,Subcontractor cost for Lagos Factory Expansion,923721.57,f6541db5-9502-41b1-b3eb-47860721414a,NGN,2026-02-23 10:54:52.259561
f67880fe-dbac-4c10-a4da-78b853dd774b,a9f7f2f8-ed4e-42dd-add2-a9e098bd0df4,2024-10-14,Equipment,Equipment cost for Lagos Factory Expansion,7991853.190000003,fdbd4ff1-8cd6-4017-b064-79c39952479f,NGN,2026-02-23 10:54:52.259580
022b73d3-ea38-4906-84ef-10e5c1ecc7d9,430d8521-2e5b-4f3b-ac64-531406a5d45c,2024-03-22,Labour,Labour cost for ERP System Implementation,3888378.52,911b8562-98e4-4368-b00c-d22273eaf319,NGN,2026-02-23 10:54:52.259609
c0526b18-855c-402d-9df5-9f6769316656,430d8521-2e5b-4f3b-ac64-531406a5d45c,2024-04-21,Subcontractor,Subcontractor cost for ERP System Implementation,1832734.06,e93b5b44-3e5b-4c8e-9bc0-a92d905eab15,NGN,2026-02-23 10:54:52.259619
476e1eac-36c9-4b2c-85c6-6368f9b34ab5,430d8521-2e5b-4f3b-ac64-531406a5d45c,2024-03-30,Subcontractor,Subcontractor cost for ERP System Implementation,4091747.21,f063efc2-820e-4512-a1b3-920d2d8d0ed9,NGN,2026-02-23 10:54:52.259628
dca1f159-3f55-4234-a4ff-2ca6ebb544c6,430d8521-2e5b-4f3b-ac64-531406a5d45c,2024-02-25,Labour,Labour cost for ERP System Implementation,3215450.96,d029a725-a1c0-4060-8f58-c4b2dc5bde0c,NGN,2026-02-23 10:54:52.259638
ad91da4d-ea6b-465c-a2c1-251e85de8283,430d8521-2e5b-4f3b-ac64-531406a5d45c,2024-06-04,Overhead,Overhead cost for ERP System Implementation,15840003.04,c8ed74d1-a67f-4d3b-b50d-0dbcb63b8319,NGN,2026-02-23 10:54:52.259648
b1205fa2-5983-4817-a704-b2da927e8bc8,ddb2a61f-257f-4fb4-9228-c12cf029655f,2024-08-24,Equipment,Equipment cost for Solar Farm Installation,1155649.14,b55f6d95-eaaf-4c75-9e0a-c2c0769048af,NGN,2026-02-23 10:54:52.259674
3bf001d9-f887-4771-b317-7399d7a5cf65,ddb2a61f-257f-4fb4-9228-c12cf029655f,2024-09-28,Equipment,Equipment cost for Solar Farm Installation,3343281.15,1d45caf1-8721-4598-a0cc-a3754fbc0b96,NGN,2026-02-23 10:54:52.259684
a40a604b-5287-452c-98f2-33d90e0a37f6,ddb2a61f-257f-4fb4-9228-c12cf029655f,2024-06-20,Equipment,Equipment cost for Solar Farm Installation,1662999.98,af0b9ced-9e2d-4299-89bb-9c0a14130dc0,NGN,2026-02-23 10:54:52.259693
70a53b5b-a415-4846-a1ee-ee5c524da8b3,ddb2a61f-257f-4fb4-9228-c12cf029655f,2024-10-16,Materials,Materials cost for Solar Farm Installation,702410.99,4cb7f1f1-a60b-4c38-afbc-2662fc6b4bf0,NGN,2026-02-23 10:54:52.259702
66479a54-523f-4710-9617-474ec8c0e481,ddb2a61f-257f-4fb4-9228-c12cf029655f,2024-09-04,Subcontractor,Subcontractor cost for Solar Farm Installation,1079297.76,b35bcef7-a9ac-4680-815b-9d677b4f3be9,NGN,2026-02-23 10:54:52.259712
22742522-4b61-44ed-9470-96c2098c0b9b,ddb2a61f-257f-4fb4-9228-c12cf029655f,2024-09-21,Overhead,Overhead cost for Solar Farm Installation,606769.35,b116b91f-20b3-4576-b5d9-70d9ed06e5f5,NGN,2026-02-23 10:54:52.259724
67030e82-d144-4a80-bd98-c98f361314a0,ddb2a61f-257f-4fb4-9228-c12cf029655f,2024-09-22,Labour,Labour cost for Solar Farm Installation,606500.83,3ee60be8-07af-417d-81c0-1cc4206c7a4e,NGN,2026-02-23 10:54:52.259733
e88146c8-d1ed-4b47-bac5-e63569fa553a,ddb2a61f-257f-4fb4-9228-c12cf029655f,2024-09-13,Labour,Labour cost for Solar Farm Installation,326712.12,d1711e26-7ae8-42df-b99c-04f0b4286ff9,NGN,2026-02-23 10:54:52.259743
b4f1a802-1b6e-4841-96c8-3502451fb9f8,ddb2a61f-257f-4fb4-9228-c12cf029655f,2024-08-19,Labour,Labour cost for Solar Farm Installation,233409.22,10db4700-ebf6-4615-bbde-3a28afdb771e,NGN,2026-02-23 10:54:52.259755
c125d0b6-7c76-4429-b46f-7c83569a6613,ddb2a61f-257f-4fb4-9228-c12cf029655f,2024-09-02,Overhead,Overhead cost for Solar Farm Installation,384036.31,1d45caf1-8721-4598-a0cc-a3754fbc0b96,NGN,2026-02-23 10:54:52.259765
f59f968f-483d-4f4e-aa34-7276c6f5ffad,ddb2a61f-257f-4fb4-9228-c12cf029655f,2024-07-30,Overhead,Overhead cost for Solar Farm Installation,309873.76,de383ccf-3739-4e31-82cb-57dd040a46d6,NGN,2026-02-23 10:54:52.259775
724394b3-14db-4d2a-a827-762188c62769,ddb2a61f-257f-4fb4-9228-c12cf029655f,2024-07-24,Consulting,Consulting cost for Solar Farm Installation,161209.11,95afdeab-72b8-46da-b3a5-f7b7eff5e40c,NGN,2026-02-23 10:54:52.259784
a706254d-aef1-49b7-881a-369f17b65218,ddb2a61f-257f-4fb4-9228-c12cf029655f,2024-07-04,Equipment,Equipment cost for Solar Farm Installation,494429.08,84afa85d-ece8-4906-bfe7-1450aa7f2f9b,NGN,2026-02-23 10:54:52.259793
b26fdfdc-a49c-471c-b2a2-f4e4fe88095d,ddb2a61f-257f-4fb4-9228-c12cf029655f,2024-09-13,Travel,Travel cost for Solar Farm Installation,448443.81,4f87e6dc-c39d-484f-a7c2-87b9000cd11c,NGN,2026-02-23 10:54:52.259802
0e1ac8b7-6af3-4ee3-84a7-2222907496d0,ddb2a61f-257f-4fb4-9228-c12cf029655f,2024-08-22,Equipment,Equipment cost for Solar Farm Installation,1874223.9699999988,01882270-3ea2-44e0-8f1d-af3a1e3012cb,NGN,2026-02-23 10:54:52.259811
3aab4f5d-cb9f-45e4-b656-b9268cb9c25b,9b9fec88-da64-474a-b468-4e4a2047eae7,2024-06-27,Labour,Labour cost for Abuja Warehouse Construction,17110320.37,8db60204-783f-41d2-ab72-5f5e58c3d740,NGN,2026-02-23 10:54:52.259849
13f9e0f9-a3f2-49b9-b22a-4302aa5e6b5d,9b9fec88-da64-474a-b468-4e4a2047eae7,2024-06-15,Materials,Materials cost for Abuja Warehouse Construction,11913050.23,83c81921-274b-48d4-b872-066fe01ea8b2,NGN,2026-02-23 10:54:52.259858
3830173e-5d59-4fb8-9acc-15bc075958c5,9b9fec88-da64-474a-b468-4e4a2047eae7,2024-09-11,Consulting,Consulting cost for Abuja Warehouse Construction,4888729.3,8e0ad8ce-858b-434f-b27d-3ac8006755fd,NGN,2026-02-23 10:54:52.259871
578177bd-e4f5-40f2-ae31-464c90a3ae68,9b9fec88-da64-474a-b468-4e4a2047eae7,2024-09-24,Overhead,Overhead cost for Abuja Warehouse Construction,8990195.09,a1a6d6a5-e677-448d-84e5-122b80347e4e,NGN,2026-02-23 10:54:52.259880
2df4b356-a6dc-46e8-98d6-81f2ac7c471e,9b9fec88-da64-474a-b468-4e4a2047eae7,2024-05-08,Travel,Travel cost for Abuja Warehouse Construction,1312041.21,e14695af-a1d4-4c0e-8949-6021de0e43a8,NGN,2026-02-23 10:54:52.259889
be17844e-e52d-4fc0-ab8f-5cebdb7438ed,9b9fec88-da64-474a-b468-4e4a2047eae7,2024-05-26,Consulting,Consulting cost for Abuja Warehouse Construction,2102836.7,b537702a-513d-4323-8ba6-1c8387f004b5,NGN,2026-02-23 10:54:52.259898
ecf2c47f-c96f-41b4-9997-59dd6c33067f,9b9fec88-da64-474a-b468-4e4a2047eae7,2025-01-16,Materials,Materials cost for Abuja Warehouse Construction,2298056.23,fca0132c-3756-437c-a43f-d55d25b5c44b,NGN,2026-02-23 10:54:52.259907
11bd9b6b-3b96-4a68-91ea-04d94676931a,9b9fec88-da64-474a-b468-4e4a2047eae7,2024-05-10,Overhead,Overhead cost for Abuja Warehouse Construction,980085.48,80433d1e-b537-4242-87de-f81a82150cdf,NGN,2026-02-23 10:54:52.259917
c1ae03f0-fa96-4e36-a088-f3b4d4fd3d5a,9b9fec88-da64-474a-b468-4e4a2047eae7,2025-01-12,Equipment,Equipment cost for Abuja Warehouse Construction,3981201.9,5cc0b0ed-6b6d-4ccb-b7ee-cf106f810020,NGN,2026-02-23 10:54:52.259926
d63a630c-82f6-42e3-a952-b91de87c7483,9b9fec88-da64-474a-b468-4e4a2047eae7,2024-11-16,Labour,Labour cost for Abuja Warehouse Construction,1422025.35,238201f5-21d8-4353-8481-800f964650af,NGN,2026-02-23 10:54:52.259935
219f6d8c-c1b4-47a6-b76c-e30e1490bf1f,9b9fec88-da64-474a-b468-4e4a2047eae7,2024-07-06,Materials,Materials cost for Abuja Warehouse Construction,2860792.42,9d6ab3e7-1834-4248-9ef5-0064761bac46,NGN,2026-02-23 10:54:52.259944
fc0378e7-9149-411e-9387-2b5200d3453d,9b9fec88-da64-474a-b468-4e4a2047eae7,2024-12-27,Materials,Materials cost for Abuja Warehouse Construction,8607079.799999988,b2017762-737c-4faa-ad37-3bc7fb3a8f64,NGN,2026-02-23 10:54:52.259953
8ec45e4e-54ad-42c7-9205-75c0d68b18ec,9f0953c3-d5aa-4969-a4c8-cd05e91c2771,2024-11-17,Overhead,Overhead cost for IT Infrastructure Upgrade,16996188.43,5cc0b0ed-6b6d-4ccb-b7ee-cf106f810020,NGN,2026-02-23 10:54:52.259977
32c795de-e060-45c4-8711-0afbdf10e910,9f0953c3-d5aa-4969-a4c8-cd05e91c2771,2024-12-08,Equipment,Equipment cost for IT Infrastructure Upgrade,7113216.0,14152142-ccf0-465b-a7eb-71ebb96d3d53,NGN,2026-02-23 10:54:52.259987
c9bc7982-952c-4dce-8909-d0027143ff0c,9f0953c3-d5aa-4969-a4c8-cd05e91c2771,2024-09-10,Materials,Materials cost for IT Infrastructure Upgrade,20408379.02,21c53807-e832-4a4d-88b9-333575d7a931,NGN,2026-02-23 10:54:52.259996
2f7cf6bc-24bb-411e-aa0e-50c6a07cd875,9f0953c3-d5aa-4969-a4c8-cd05e91c2771,2024-10-02,Materials,Materials cost for IT Infrastructure Upgrade,12706840.2,b4c8f4fe-65b1-4b19-b3f5-402b3b291f40,NGN,2026-02-23 10:54:52.260017
a3098899-24c4-48f5-8ee9-beff0343ba83,9f0953c3-d5aa-4969-a4c8-cd05e91c2771,2024-08-31,Materials,Materials cost for IT Infrastructure Upgrade,8286318.55,67397338-1c4c-4ef4-a5b6-06260be42ca3,NGN,2026-02-23 10:54:52.260040
ef148083-30ab-4d94-b16f-4b7a4c6fcf01,9f0953c3-d5aa-4969-a4c8-cd05e91c2771,2024-09-17,Travel,Travel cost for IT Infrastructure Upgrade,8804379.24,0fe30b33-bbde-4754-974e-9139d830eda4,NGN,2026-02-23 10:54:52.260059
567050fa-7358-482b-9d45-e75c15f2c308,9f0953c3-d5aa-4969-a4c8-cd05e91c2771,2024-09-11,Subcontractor,Subcontractor cost for IT Infrastructure Upgrade,24960036.640000008,979aeb25-d3e2-45d5-b523-ed659d7601f6,NGN,2026-02-23 10:54:52.260067
216bf6af-b586-4723-86e6-0039a52d2d9f,9725e568-4e84-42ba-8616-e17944ca9de8,2025-03-27,Equipment,Equipment cost for Product Line R&D,14655680.34,4ed3f3c1-a9b7-49f0-8b38-f47648d0e53f,NGN,2026-02-23 10:54:52.260092
11421629-15b4-41d4-99a9-ee30d85af511,9725e568-4e84-42ba-8616-e17944ca9de8,2025-11-15,Overhead,Overhead cost for Product Line R&D,15330146.87,61db2be2-4c79-4d43-bc0a-6e89045ebd5f,NGN,2026-02-23 10:54:52.260102
58682cff-a7be-4c0e-9e4d-29b6f9e1e5e3,9725e568-4e84-42ba-8616-e17944ca9de8,2025-07-16,Subcontractor,Subcontractor cost for Product Line R&D,13656488.76,af1ef7f2-e507-480f-a626-a1efed2d8660,NGN,2026-02-23 10:54:52.260111
1cdf523e-721f-4898-a914-f968b63df70d,9725e568-4e84-42ba-8616-e17944ca9de8,2025-09-25,Labour,Labour cost for Product Line R&D,3874038.91,b7050f13-05d4-4b06-8ad3-f326aee06b85,NGN,2026-02-23 10:54:52.260120
c751ea26-a1d1-4d2d-8de0-29e3e22c43ca,9725e568-4e84-42ba-8616-e17944ca9de8,2025-03-20,Labour,Labour cost for Product Line R&D,11290466.8,e4a2772a-5366-4708-8309-02a2a6933717,NGN,2026-02-23 10:54:52.260131
348e192e-517f-47fd-814a-ca4649595584,9725e568-4e84-42ba-8616-e17944ca9de8,2025-04-22,Labour,Labour cost for Product Line R&D,1449372.66,d0bb2ec4-4704-451e-9033-8316299d3096,NGN,2026-02-23 10:54:52.260151
9c462ce8-30c7-46bb-9531-46665bcd31d9,9725e568-4e84-42ba-8616-e17944ca9de8,2025-07-01,Travel,Travel cost for Product Line R&D,6614345.14,1d45caf1-8721-4598-a0cc-a3754fbc0b96,NGN,2026-02-23 10:54:52.260163
c9ae7258-d362-489d-9e80-56c1cd9ee525,9725e568-4e84-42ba-8616-e17944ca9de8,2025-09-18,Travel,Travel cost for Product Line R&D,3325786.88,7457c46f-7272-4d53-9bd2-a2abc1849d54,NGN,2026-02-23 10:54:52.260174
2a6d19be-02ca-4d59-a8e2-c731d887ed78,9725e568-4e84-42ba-8616-e17944ca9de8,2025-08-31,Travel,Travel cost for Product Line R&D,1046729.57,855da3a1-4dd8-4d7b-a2ae-b79e5a5c48e6,NGN,2026-02-23 10:54:52.260183
9c0e295f-0226-45ee-94c3-55c52ee5df70,9725e568-4e84-42ba-8616-e17944ca9de8,2025-02-15,Overhead,Overhead cost for Product Line R&D,927263.48,0bdac6ae-f307-4fca-8643-4c89dd4e6303,NGN,2026-02-23 10:54:52.260192
6e172394-1ee3-4681-8b4f-2c9bc42410e7,9725e568-4e84-42ba-8616-e17944ca9de8,2025-03-16,Equipment,Equipment cost for Product Line R&D,1716313.15,b9b8b60f-dead-41ac-b704-7d4c3baf4ead,NGN,2026-02-23 10:54:52.260202
c0f4384e-dd55-4d07-b2cc-5056d976e170,9725e568-4e84-42ba-8616-e17944ca9de8,2025-01-12,Consulting,Consulting cost for Product Line R&D,3692211.3,b7050f13-05d4-4b06-8ad3-f326aee06b85,NGN,2026-02-23 10:54:52.260211
2ca2763c-bb1f-4892-afaf-ef475e19c5f7,9725e568-4e84-42ba-8616-e17944ca9de8,2025-03-21,Travel,Travel cost for Product Line R&D,2705637.48,0f114530-b671-47f9-a494-539a9a599ac1,NGN,2026-02-23 10:54:52.260221
2794339b-2302-4b24-8f2c-600518d609d8,9725e568-4e84-42ba-8616-e17944ca9de8,2025-09-19,Equipment,Equipment cost for Product Line R&D,2012116.5,95afdeab-72b8-46da-b3a5-f7b7eff5e40c,NGN,2026-02-23 10:54:52.260232
e8b0ab8e-efa7-496c-be14-c9e07e3cd7a8,9725e568-4e84-42ba-8616-e17944ca9de8,2025-08-05,Subcontractor,Subcontractor cost for Product Line R&D,597714.5,a96b43b0-75cf-43ec-af8f-34a939d4b628,NGN,2026-02-23 10:54:52.260244
e6bf669a-03bb-4c7a-9b52-a22532d8cfe0,9725e568-4e84-42ba-8616-e17944ca9de8,2025-01-04,Labour,Labour cost for Product Line R&D,4743195.869999997,a0b5177f-70c4-486c-8065-72c5c2283572,NGN,2026-02-23 10:54:52.260255
81778362-5203-4294-8592-f78c5276587d,f4f9ba75-0721-458e-92db-385b64eb5208,2024-06-14,Subcontractor,Subcontractor cost for ISO Certification Project,3660212.69,61db2be2-4c79-4d43-bc0a-6e89045ebd5f,NGN,2026-02-23 10:54:52.260296
f7a18920-10f6-427c-a530-65080eb9668c,f4f9ba75-0721-458e-92db-385b64eb5208,2024-08-13,Labour,Labour cost for ISO Certification Project,4575316.38,b2017762-737c-4faa-ad37-3bc7fb3a8f64,NGN,2026-02-23 10:54:52.260305
05e1633d-5fff-4f0b-b459-49c06e42f705,f4f9ba75-0721-458e-92db-385b64eb5208,2024-08-18,Travel,Travel cost for ISO Certification Project,2106151.85,0b7bea33-5d84-4cea-99f5-5230d7f6d98a,NGN,2026-02-23 10:54:52.260315
71687cb5-91e4-48e3-920c-5379bbfaa6c2,f4f9ba75-0721-458e-92db-385b64eb5208,2024-07-01,Subcontractor,Subcontractor cost for ISO Certification Project,8726135.2,cb787fa9-3460-49a6-b501-852fcc0dc29b,NGN,2026-02-23 10:54:52.260326
d0c7769f-4913-4cef-8934-406dbac38a81,f4f9ba75-0721-458e-92db-385b64eb5208,2024-08-05,Materials,Materials cost for ISO Certification Project,6911916.44,5d28d991-af20-4a95-ac85-1382f138012f,NGN,2026-02-23 10:54:52.260339
036864bb-b165-4826-8a5e-1e4f8cf37e90,f4f9ba75-0721-458e-92db-385b64eb5208,2024-07-09,Labour,Labour cost for ISO Certification Project,2965852.43,b116b91f-20b3-4576-b5d9-70d9ed06e5f5,NGN,2026-02-23 10:54:52.260355
564c4afc-f111-4e9c-abf7-11d0350a0cd2,f4f9ba75-0721-458e-92db-385b64eb5208,2024-08-02,Labour,Labour cost for ISO Certification Project,4536083.51,a1a6d6a5-e677-448d-84e5-122b80347e4e,NGN,2026-02-23 10:54:52.260368
f27e5631-5090-4922-8d67-e5ccfd06518e,f4f9ba75-0721-458e-92db-385b64eb5208,2024-09-13,Subcontractor,Subcontractor cost for ISO Certification Project,3690720.03,911b8562-98e4-4368-b00c-d22273eaf319,NGN,2026-02-23 10:54:52.260378
a604bb8b-6ac2-4e8b-94d1-9c4c5cfb8fbb,f4f9ba75-0721-458e-92db-385b64eb5208,2024-08-04,Overhead,Overhead cost for ISO Certification Project,3025849.64,5ddeb406-253a-493e-be05-73e4ed6e5709,NGN,2026-02-23 10:54:52.260388
cb7531f1-4a8f-499b-b60c-1e7c21895f3c,f4f9ba75-0721-458e-92db-385b64eb5208,2024-08-29,Overhead,Overhead cost for ISO Certification Project,1267464.7,95afdeab-72b8-46da-b3a5-f7b7eff5e40c,NGN,2026-02-23 10:54:52.260398
d78c7d49-9260-4b76-84d4-36aef2fd47a3,f4f9ba75-0721-458e-92db-385b64eb5208,2024-08-06,Equipment,Equipment cost for ISO Certification Project,695247.73,6fd5a87d-cd0d-4652-836a-2577c67b8164,NGN,2026-02-23 10:54:52.260412
9608e507-fd0e-4a09-a223-7ffdff6c8a97,f4f9ba75-0721-458e-92db-385b64eb5208,2024-06-25,Equipment,Equipment cost for ISO Certification Project,606495.55,b2017762-737c-4faa-ad37-3bc7fb3a8f64,NGN,2026-02-23 10:54:52.260435
7520aa88-021d-46dd-9cb3-e1226ac970f5,f4f9ba75-0721-458e-92db-385b64eb5208,2024-07-10,Travel,Travel cost for ISO Certification Project,495056.79,704ab9f1-c1ee-426c-ab5f-b2ca1adadff7,NGN,2026-02-23 10:54:52.260447
52102c18-9ebb-4c9b-97ab-eae503ca67c4,f4f9ba75-0721-458e-92db-385b64eb5208,2024-07-08,Overhead,Overhead cost for ISO Certification Project,1091193.77,004d6b73-e5a7-4227-84a0-944f1aa2e643,NGN,2026-02-23 10:54:52.260458
464cc7f2-b28c-450b-b814-f76411dc5754,f4f9ba75-0721-458e-92db-385b64eb5208,2024-08-09,Travel,Travel cost for ISO Certification Project,1180929.55,b4c8f4fe-65b1-4b19-b3f5-402b3b291f40,NGN,2026-02-23 10:54:52.260469
d247ab06-b251-44d4-9e4a-d0fb09d24fbf,f4f9ba75-0721-458e-92db-385b64eb5208,2024-08-06,Travel,Travel cost for ISO Certification Project,804619.06,2d180ac9-7d5e-4483-bab9-0c8571bf1357,NGN,2026-02-23 10:54:52.260480
ca524efc-6153-44f6-b666-910c1850a6ec,f4f9ba75-0721-458e-92db-385b64eb5208,2024-08-27,Consulting,Consulting cost for ISO Certification Project,608869.1,9e6faa89-dd7d-4795-bcfc-0afa70eb42e9,NGN,2026-02-23 10:54:52.260490
919378d8-d250-4617-847c-8fe72e1783d1,f4f9ba75-0721-458e-92db-385b64eb5208,2024-08-18,Overhead,Overhead cost for ISO Certification Project,151911.01,0854344d-d8ca-4b0c-9f7f-53e172647c68,NGN,2026-02-23 10:54:52.260503
8bb3db47-ad11-46f0-9557-ff9a62f92ca0,f4f9ba75-0721-458e-92db-385b64eb5208,2024-07-18,Labour,Labour cost for ISO Certification Project,440457.78,949e0d4d-faec-422c-bc3f-eee95c611e0c,NGN,2026-02-23 10:54:52.260522
dad0723e-5efb-4bc1-9b21-6c2dc78fae5f,f4f9ba75-0721-458e-92db-385b64eb5208,2024-08-04,Travel,Travel cost for ISO Certification Project,1058589.9200000018,b55f6d95-eaaf-4c75-9e0a-c2c0769048af,NGN,2026-02-23 10:54:52.260533
475dc5a6-c6f6-4d38-915a-af4ba2dd771b,a2b931e8-dc83-430a-bb7c-62c366094ac5,2024-09-20,Subcontractor,Subcontractor cost for Fleet Management System,22041625.89,52f9904b-a6b6-4f34-91e2-19437e360c35,NGN,2026-02-23 10:54:52.260566
5a3d3719-3f1c-4991-9fcd-73e464c57f8a,a2b931e8-dc83-430a-bb7c-62c366094ac5,2024-09-11,Consulting,Consulting cost for Fleet Management System,20531573.35,1d45caf1-8721-4598-a0cc-a3754fbc0b96,NGN,2026-02-23 10:54:52.260586
8161a002-5cee-40a8-80d4-b6a1944c2622,a2b931e8-dc83-430a-bb7c-62c366094ac5,2024-09-13,Travel,Travel cost for Fleet Management System,14877233.25,cdeec4ed-68fa-4b78-bd01-8763c0f49e2a,NGN,2026-02-23 10:54:52.260605
fb091c97-0339-460f-b8ef-ce0b8ad2c4db,a2b931e8-dc83-430a-bb7c-62c366094ac5,2024-10-11,Travel,Travel cost for Fleet Management System,15155160.79,e14695af-a1d4-4c0e-8949-6021de0e43a8,NGN,2026-02-23 10:54:52.260616
424805a8-5f05-4021-8b04-e8c17b5e4ef5,a2b931e8-dc83-430a-bb7c-62c366094ac5,2024-09-20,Travel,Travel cost for Fleet Management System,11064668.73,17329ca3-76fc-4a0d-b252-8df2d80fea2b,NGN,2026-02-23 10:54:52.260627
323aaec7-2f38-47a2-b115-a4f3a612d3bb,a2b931e8-dc83-430a-bb7c-62c366094ac5,2024-10-31,Consulting,Consulting cost for Fleet Management System,2618851.69,10db4700-ebf6-4615-bbde-3a28afdb771e,NGN,2026-02-23 10:54:52.260639
6b78c4d5-7a45-43ec-a541-7316e1d4532c,a2b931e8-dc83-430a-bb7c-62c366094ac5,2024-09-16,Materials,Materials cost for Fleet Management System,4357432.15,e17a835a-e0d4-498c-a02e-7fcfa73eb0b6,NGN,2026-02-23 10:54:52.260650
3340cd77-a704-4da3-b5b4-2a8e9c3a39c0,a2b931e8-dc83-430a-bb7c-62c366094ac5,2024-11-23,Labour,Labour cost for Fleet Management System,5055479.13,7d238362-e985-4c1f-b9b5-18f55b8671ae,NGN,2026-02-23 10:54:52.260661
54b6d7b6-24d7-4f5d-af8d-4fa678a90f1c,a2b931e8-dc83-430a-bb7c-62c366094ac5,2024-09-20,Equipment,Equipment cost for Fleet Management System,4873084.9,67397338-1c4c-4ef4-a5b6-06260be42ca3,NGN,2026-02-23 10:54:52.260673
8679082a-dbf2-4c54-a595-ec6b29513401,a2b931e8-dc83-430a-bb7c-62c366094ac5,2024-09-13,Equipment,Equipment cost for Fleet Management System,4818880.7,b35bcef7-a9ac-4680-815b-9d677b4f3be9,NGN,2026-02-23 10:54:52.260683
5901b342-7527-4bb7-a890-9b3241be6236,a2b931e8-dc83-430a-bb7c-62c366094ac5,2024-11-21,Equipment,Equipment cost for Fleet Management System,3045428.05,cb787fa9-3460-49a6-b501-852fcc0dc29b,NGN,2026-02-23 10:54:52.260692
d7d51667-1fa3-4840-86ff-21f5cd61001b,a2b931e8-dc83-430a-bb7c-62c366094ac5,2024-11-18,Labour,Labour cost for Fleet Management System,1579247.41,c20737cc-c63a-4880-8ad3-31b76a98bb60,NGN,2026-02-23 10:54:52.260701
d3d4e5ad-febc-45d0-84d3-8e37f07dc521,a2b931e8-dc83-430a-bb7c-62c366094ac5,2024-09-18,Equipment,Equipment cost for Fleet Management System,2050472.19,fc7d9a0a-a8f5-46cf-a58a-e163f1c1afe5,NGN,2026-02-23 10:54:52.260710
260f4ffc-4765-42ce-9d55-ef37519c3d4d,a2b931e8-dc83-430a-bb7c-62c366094ac5,2024-09-29,Overhead,Overhead cost for Fleet Management System,548226.22,a86c9c87-ae3f-48f0-944a-789d88e1071b,NGN,2026-02-23 10:54:52.260719
6ec3271d-ccd9-410e-9267-be7744c7e2f8,a2b931e8-dc83-430a-bb7c-62c366094ac5,2024-11-01,Labour,Labour cost for Fleet Management System,1990812.09,52f9904b-a6b6-4f34-91e2-19437e360c35,NGN,2026-02-23 10:54:52.260728
889f7cd0-39fa-4558-a1a5-fd5cc1b39155,a2b931e8-dc83-430a-bb7c-62c366094ac5,2024-10-06,Travel,Travel cost for Fleet Management System,981970.21,c8ed74d1-a67f-4d3b-b50d-0dbcb63b8319,NGN,2026-02-23 10:54:52.260738
8deb0d7e-f582-4668-892d-d681ff2b88f6,a2b931e8-dc83-430a-bb7c-62c366094ac5,2024-10-18,Consulting,Consulting cost for Fleet Management System,392735.73,e14695af-a1d4-4c0e-8949-6021de0e43a8,NGN,2026-02-23 10:54:52.260747
9b5df3c7-9d3d-46a1-b6f7-739ae4dec287,a2b931e8-dc83-430a-bb7c-62c366094ac5,2024-10-08,Subcontractor,Subcontractor cost for Fleet Management System,579424.51,7c259094-a60a-499e-add2-82f9de402308,NGN,2026-02-23 10:54:52.260756
16635e9d-a6e8-40ae-b038-3ef096c234f6,a2b931e8-dc83-430a-bb7c-62c366094ac5,2024-10-31,Equipment,Equipment cost for Fleet Management System,561255.99,a8d95b7d-c9cc-477b-a938-14e1d96bb47b,NGN,2026-02-23 10:54:52.260765
272ad8ea-96d3-479a-9854-a2958d979d79,a2b931e8-dc83-430a-bb7c-62c366094ac5,2024-11-10,Travel,Travel cost for Fleet Management System,2288244.139999995,94e0d3db-46fc-406c-a9ab-fbb466295afc,NGN,2026-02-23 10:54:52.260774
d5cc76d8-51a6-447c-b90c-ecbdba165171,adf4e5ea-6d8a-4521-9891-dce91bca7027,2025-11-20,Equipment,Equipment cost for Cybersecurity Enhancement,13404506.11,a96b43b0-75cf-43ec-af8f-34a939d4b628,NGN,2026-02-23 10:54:52.260797
a0e04732-69cb-48e4-9e03-dcd8a11f38b7,adf4e5ea-6d8a-4521-9891-dce91bca7027,2025-08-17,Equipment,Equipment cost for Cybersecurity Enhancement,19686657.46,b7050f13-05d4-4b06-8ad3-f326aee06b85,NGN,2026-02-23 10:54:52.260809
e2507727-67c1-4805-af04-d71bbf9cd637,adf4e5ea-6d8a-4521-9891-dce91bca7027,2025-07-25,Travel,Travel cost for Cybersecurity Enhancement,3854778.1,8cc0fb07-0896-4ceb-afae-acee3e3d7f68,NGN,2026-02-23 10:54:52.260818
75e1e9b3-1858-44ec-95dc-0a8882c4703d,adf4e5ea-6d8a-4521-9891-dce91bca7027,2025-11-21,Materials,Materials cost for Cybersecurity Enhancement,7149297.92,8d557f40-602c-4374-96fb-a852fd64ace9,NGN,2026-02-23 10:54:52.260829
0cbe9f39-853d-43a1-9403-a9dae7e21304,adf4e5ea-6d8a-4521-9891-dce91bca7027,2025-11-09,Overhead,Overhead cost for Cybersecurity Enhancement,12921235.8,4a46b4f6-6f79-4212-9c53-42b5dfcdd335,NGN,2026-02-23 10:54:52.260838
b6c6cd7a-38bb-49d9-a2fa-e1608a2f444d,adf4e5ea-6d8a-4521-9891-dce91bca7027,2025-06-27,Materials,Materials cost for Cybersecurity Enhancement,4317494.17,a0b5177f-70c4-486c-8065-72c5c2283572,NGN,2026-02-23 10:54:52.260848
6981bd26-62f4-497f-a5a1-d76d03507694,adf4e5ea-6d8a-4521-9891-dce91bca7027,2025-12-09,Labour,Labour cost for Cybersecurity Enhancement,8219834.05,0200754a-8d20-4df9-8e6c-859558b87d00,NGN,2026-02-23 10:54:52.260857
33f6af85-0012-406a-9a61-c9ac25fa0aee,adf4e5ea-6d8a-4521-9891-dce91bca7027,2025-11-04,Consulting,Consulting cost for Cybersecurity Enhancement,3132756.81,d8b27271-0194-44e9-a208-f3a2711a6d6d,NGN,2026-02-23 10:54:52.260867
3b3f645a-b8ee-4c4b-a256-27c48fb3d7ae,adf4e5ea-6d8a-4521-9891-dce91bca7027,2025-11-08,Materials,Materials cost for Cybersecurity Enhancement,1563238.35,1dca5d52-cfcf-47bf-82cc-34566b49f847,NGN,2026-02-23 10:54:52.260876
0149154b-9a47-45e1-8fdd-8394232ca00e,adf4e5ea-6d8a-4521-9891-dce91bca7027,2025-09-24,Equipment,Equipment cost for Cybersecurity Enhancement,2343743.21,0db57352-3f0b-4052-ae82-b69e0dc5db1b,NGN,2026-02-23 10:54:52.260885
a00d4174-a746-4b7e-96f0-97852293108a,adf4e5ea-6d8a-4521-9891-dce91bca7027,2025-07-11,Travel,Travel cost for Cybersecurity Enhancement,3400187.94,8e80bca6-b4c8-48a3-9258-0e412a752775,NGN,2026-02-23 10:54:52.260895
8bfe47a7-0e97-4ada-b4dd-1567155f7744,adf4e5ea-6d8a-4521-9891-dce91bca7027,2025-10-09,Consulting,Consulting cost for Cybersecurity Enhancement,1215103.58,fc7d9a0a-a8f5-46cf-a58a-e163f1c1afe5,NGN,2026-02-23 10:54:52.260904
9b258297-dfa5-4232-a26e-187b9e7efe0a,adf4e5ea-6d8a-4521-9891-dce91bca7027,2025-10-11,Overhead,Overhead cost for Cybersecurity Enhancement,1591123.78,5ddeb406-253a-493e-be05-73e4ed6e5709,NGN,2026-02-23 10:54:52.260914
e0f4f8e9-2b60-4e7d-ba9c-2e75927e6506,adf4e5ea-6d8a-4521-9891-dce91bca7027,2025-07-24,Consulting,Consulting cost for Cybersecurity Enhancement,881982.12,03d4b21c-ec1c-4373-84d2-625a6a3c7a80,NGN,2026-02-23 10:54:52.260926
fda2bacd-419e-4107-aedd-e23d83993571,adf4e5ea-6d8a-4521-9891-dce91bca7027,2025-07-19,Materials,Materials cost for Cybersecurity Enhancement,1029006.39,8cc0fb07-0896-4ceb-afae-acee3e3d7f68,NGN,2026-02-23 10:54:52.260935
49d9ff00-0682-4613-8085-29996bbf0d79,adf4e5ea-6d8a-4521-9891-dce91bca7027,2025-07-04,Travel,Travel cost for Cybersecurity Enhancement,556133.55,f6d05d41-f086-4fcf-b987-a1ec3ff68550,NGN,2026-02-23 10:54:52.260944
bb17cb3a-0584-4a73-b17a-7baffa843f12,adf4e5ea-6d8a-4521-9891-dce91bca7027,2025-07-27,Materials,Materials cost for Cybersecurity Enhancement,614804.68,d46a4b97-d08a-41ae-81f4-81f82bcfaf1b,NGN,2026-02-23 10:54:52.260953
68e0e8e1-c39c-4d37-b014-3f0e98aac961,adf4e5ea-6d8a-4521-9891-dce91bca7027,2025-07-30,Overhead,Overhead cost for Cybersecurity Enhancement,721180.57,b2017762-737c-4faa-ad37-3bc7fb3a8f64,NGN,2026-02-23 10:54:52.260962
b299338c-35be-4785-9a99-8c91c6221e16,adf4e5ea-6d8a-4521-9891-dce91bca7027,2025-09-20,Travel,Travel cost for Cybersecurity Enhancement,488177.7,129fd4d3-f863-4e19-8d94-9853c608edc2,NGN,2026-02-23 10:54:52.260971
18e82314-75cd-4258-912a-bbbb9337c168,adf4e5ea-6d8a-4521-9891-dce91bca7027,2025-06-01,Materials,Materials cost for Cybersecurity Enhancement,1796375.9499999902,17329ca3-76fc-4a0d-b252-8df2d80fea2b,NGN,2026-02-23 10:54:52.260980
0ec4091e-d850-41a8-999e-b04d899d6629,2c1388af-a36b-4f19-871e-54ff57e4a027,2025-03-14,Equipment,Equipment cost for Customer Portal Development,10876916.07,fdc80963-68ef-4349-a847-c73e16c39c58,NGN,2026-02-23 10:54:52.261016
9b424218-8b3a-40a8-b989-884ca4c83890,2c1388af-a36b-4f19-871e-54ff57e4a027,2025-02-19,Labour,Labour cost for Customer Portal Development,5711814.01,c8ed74d1-a67f-4d3b-b50d-0dbcb63b8319,NGN,2026-02-23 10:54:52.261028
1f390ea0-d648-4b11-ab13-89aacb7d112e,2c1388af-a36b-4f19-871e-54ff57e4a027,2025-02-09,Labour,Labour cost for Customer Portal Development,7899388.18,4f87e6dc-c39d-484f-a7c2-87b9000cd11c,NGN,2026-02-23 10:54:52.261038
32725a57-f300-4dad-9604-230a5514439f,2c1388af-a36b-4f19-871e-54ff57e4a027,2025-02-27,Travel,Travel cost for Customer Portal Development,4014300.23,325fbd4e-d494-429c-b82d-309ece65a031,NGN,2026-02-23 10:54:52.261048
48215434-5d89-462e-98a5-11f2767070e2,2c1388af-a36b-4f19-871e-54ff57e4a027,2025-04-05,Equipment,Equipment cost for Customer Portal Development,5751126.5,165b7a73-1b21-4823-86e9-6aaa4972c907,NGN,2026-02-23 10:54:52.261057
5d468235-c57f-40e6-a1e9-4a759addadab,2c1388af-a36b-4f19-871e-54ff57e4a027,2025-04-12,Equipment,Equipment cost for Customer Portal Development,7855679.84,9e6faa89-dd7d-4795-bcfc-0afa70eb42e9,NGN,2026-02-23 10:54:52.261066
10e847c3-b654-452a-a3ad-dae0fc0685c2,2c1388af-a36b-4f19-871e-54ff57e4a027,2025-02-19,Subcontractor,Subcontractor cost for Customer Portal Development,4319210.62,4ed3f3c1-a9b7-49f0-8b38-f47648d0e53f,NGN,2026-02-23 10:54:52.261075
a57d3306-37ad-48ae-95ad-efd3fbc3da8a,2c1388af-a36b-4f19-871e-54ff57e4a027,2025-04-13,Equipment,Equipment cost for Customer Portal Development,3271775.04,7efe8919-1322-4d4e-bf5e-6df9af3910db,NGN,2026-02-23 10:54:52.261087
cd93dc36-88cd-44e4-8d6d-fe9e53555eee,2c1388af-a36b-4f19-871e-54ff57e4a027,2025-03-10,Overhead,Overhead cost for Customer Portal Development,11324346.34,3ee60be8-07af-417d-81c0-1cc4206c7a4e,NGN,2026-02-23 10:54:52.261098
482cee27-560d-4dad-b102-138085faef66,a8647af5-2647-4884-85ab-d3bd3eb7eb17,2025-04-30,Equipment,Equipment cost for Staff Training Program 2024,7070850.25,e93b5b44-3e5b-4c8e-9bc0-a92d905eab15,NGN,2026-02-23 10:54:52.261127
c788f105-6784-4af3-8162-4f943b0a3aea,a8647af5-2647-4884-85ab-d3bd3eb7eb17,2025-04-07,Labour,Labour cost for Staff Training Program 2024,19600034.62,7a98b9d5-56e0-4c96-a30e-eb9c83346964,NGN,2026-02-23 10:54:52.261142
7f6a53e4-db07-41df-8705-99d2aae9d590,a8647af5-2647-4884-85ab-d3bd3eb7eb17,2025-07-11,Overhead,Overhead cost for Staff Training Program 2024,18946970.27,5cc0b0ed-6b6d-4ccb-b7ee-cf106f810020,NGN,2026-02-23 10:54:52.261152
4f69952a-4485-413b-8419-81acd8d0db84,a8647af5-2647-4884-85ab-d3bd3eb7eb17,2025-07-06,Overhead,Overhead cost for Staff Training Program 2024,14856129.92,a7610cfe-a349-4e85-801e-8e1fd85cc06e,NGN,2026-02-23 10:54:52.261161
68096ea5-8a59-41f7-bc73-cabd05589ecf,a8647af5-2647-4884-85ab-d3bd3eb7eb17,2025-02-05,Consulting,Consulting cost for Staff Training Program 2024,5113995.94,d1711e26-7ae8-42df-b99c-04f0b4286ff9,NGN,2026-02-23 10:54:52.261170
cf230818-c976-4fe8-9561-02b2ca8d82f4,a8647af5-2647-4884-85ab-d3bd3eb7eb17,2025-03-12,Overhead,Overhead cost for Staff Training Program 2024,4884328.01,61db2be2-4c79-4d43-bc0a-6e89045ebd5f,NGN,2026-02-23 10:54:52.261180
f3b5bc7a-24d0-4c56-b131-46ed3aae4dac,a8647af5-2647-4884-85ab-d3bd3eb7eb17,2025-04-05,Labour,Labour cost for Staff Training Program 2024,4463649.09,ec3e6024-8da2-46ac-92a4-cafe01c49d05,NGN,2026-02-23 10:54:52.261189
f2be1373-770a-4219-ad36-6ff4be5ea2a3,a8647af5-2647-4884-85ab-d3bd3eb7eb17,2025-02-06,Consulting,Consulting cost for Staff Training Program 2024,4013653.15,8e80bca6-b4c8-48a3-9258-0e412a752775,NGN,2026-02-23 10:54:52.261198
981e851f-b4c2-4ec3-8239-2c87a9d450f1,a8647af5-2647-4884-85ab-d3bd3eb7eb17,2025-04-01,Materials,Materials cost for Staff Training Program 2024,6747799.84,80c778f0-c34a-4e07-9a1d-6ae24d175243,NGN,2026-02-23 10:54:52.261207
2b9f3c83-8a3b-452f-8bca-2d87bdbe5c42,a8647af5-2647-4884-85ab-d3bd3eb7eb17,2025-03-25,Equipment,Equipment cost for Staff Training Program 2024,3555345.79,a9f3205a-7316-42bb-8d88-c3f8bccb5be7,NGN,2026-02-23 10:54:52.261217
8507a64b-d440-4591-aa7f-46e4572cd47b,a8647af5-2647-4884-85ab-d3bd3eb7eb17,2025-03-13,Overhead,Overhead cost for Staff Training Program 2024,13922652.86,8cc0fb07-0896-4ceb-afae-acee3e3d7f68,NGN,2026-02-23 10:54:52.261226
057f2ee6-b4da-4b59-b433-289ebffd0f33,db7a4f46-7b58-4ad5-a81a-e5d657450768,2024-06-19,Labour,Labour cost for Quality Assurance Overhaul,2191284.54,d029a725-a1c0-4060-8f58-c4b2dc5bde0c,NGN,2026-02-23 10:54:52.261250
336d7528-be61-4edb-8425-63ece49a98e5,db7a4f46-7b58-4ad5-a81a-e5d657450768,2024-05-20,Travel,Travel cost for Quality Assurance Overhaul,1984677.97,064a5c8f-4a46-421e-ae90-af423c1cceba,NGN,2026-02-23 10:54:52.261259
58584834-ba7e-4549-a812-b15438c7ab06,db7a4f46-7b58-4ad5-a81a-e5d657450768,2024-03-21,Materials,Materials cost for Quality Assurance Overhaul,3085293.94,ec3e6024-8da2-46ac-92a4-cafe01c49d05,NGN,2026-02-23 10:54:52.261269
6ffe354a-4e30-4f92-be67-970d741f04de,db7a4f46-7b58-4ad5-a81a-e5d657450768,2024-05-10,Travel,Travel cost for Quality Assurance Overhaul,1278485.33,501d52c4-6a8b-47d4-8abe-1ce8a7f53a43,NGN,2026-02-23 10:54:52.261279
604288f3-da4b-4c46-8c36-dec34ded1e31,db7a4f46-7b58-4ad5-a81a-e5d657450768,2024-04-20,Equipment,Equipment cost for Quality Assurance Overhaul,1765722.78,8cc0fb07-0896-4ceb-afae-acee3e3d7f68,NGN,2026-02-23 10:54:52.261288
bdfeee79-9272-4cd3-8375-15a4d198f06a,db7a4f46-7b58-4ad5-a81a-e5d657450768,2024-03-01,Subcontractor,Subcontractor cost for Quality Assurance Overhaul,323634.37,4cb7f1f1-a60b-4c38-afbc-2662fc6b4bf0,NGN,2026-02-23 10:54:52.261297
ef0fee20-14e3-43ba-8bc1-1f05c3c46d14,db7a4f46-7b58-4ad5-a81a-e5d657450768,2024-04-25,Labour,Labour cost for Quality Assurance Overhaul,379557.68,7457c46f-7272-4d53-9bd2-a2abc1849d54,NGN,2026-02-23 10:54:52.261306
93d98929-3940-4d5e-91d0-c7e0c632e1cd,db7a4f46-7b58-4ad5-a81a-e5d657450768,2024-06-21,Labour,Labour cost for Quality Assurance Overhaul,862411.48,e17a835a-e0d4-498c-a02e-7fcfa73eb0b6,NGN,2026-02-23 10:54:52.261316
a88373b7-0f66-435d-be42-4b7fc5f46c9b,db7a4f46-7b58-4ad5-a81a-e5d657450768,2024-04-22,Equipment,Equipment cost for Quality Assurance Overhaul,661868.57,77d5f616-ec3d-45a1-9811-9adef2274982,NGN,2026-02-23 10:54:52.261324
1e8b20dc-0e37-439a-a72f-7ac97e3d8c15,db7a4f46-7b58-4ad5-a81a-e5d657450768,2024-05-26,Materials,Materials cost for Quality Assurance Overhaul,986855.8,d784f417-38db-4e63-8c01-ae03b680d6f1,NGN,2026-02-23 10:54:52.261336
b0c21770-0401-4aa9-931c-bc023e064bb5,db7a4f46-7b58-4ad5-a81a-e5d657450768,2024-04-21,Equipment,Equipment cost for Quality Assurance Overhaul,489213.15,fca0132c-3756-437c-a43f-d55d25b5c44b,NGN,2026-02-23 10:54:52.261345
2f3d38d3-8532-4ee6-b85c-16a5d86915c2,db7a4f46-7b58-4ad5-a81a-e5d657450768,2024-05-29,Consulting,Consulting cost for Quality Assurance Overhaul,503031.76,5f30f40f-34d2-40f2-8e3d-a85399d60056,NGN,2026-02-23 10:54:52.261355
56cfd917-7e31-40e9-87f4-bd18f7c45f52,db7a4f46-7b58-4ad5-a81a-e5d657450768,2024-04-24,Travel,Travel cost for Quality Assurance Overhaul,341750.3,4defece5-265e-44c0-82d4-62f559fc7133,NGN,2026-02-23 10:54:52.261364
81a79f10-b643-4afd-8813-66669e523c39,db7a4f46-7b58-4ad5-a81a-e5d657450768,2024-06-02,Labour,Labour cost for Quality Assurance Overhaul,202698.37,911b8562-98e4-4368-b00c-d22273eaf319,NGN,2026-02-23 10:54:52.261372
6eb8a3cb-e1fe-4237-85b4-a30242dbd751,db7a4f46-7b58-4ad5-a81a-e5d657450768,2024-03-20,Labour,Labour cost for Quality Assurance Overhaul,287568.91,b537702a-513d-4323-8ba6-1c8387f004b5,NGN,2026-02-23 10:54:52.261381
76017efa-8011-4b4d-b255-2212f5eecff2,db7a4f46-7b58-4ad5-a81a-e5d657450768,2024-05-16,Consulting,Consulting cost for Quality Assurance Overhaul,60416.99,a5fa5fa7-7763-4d90-96c2-462b3a6a2b10,NGN,2026-02-23 10:54:52.261390
0729948f-2476-4915-8fe1-b1e75860fe8b,db7a4f46-7b58-4ad5-a81a-e5d657450768,2024-05-16,Consulting,Consulting cost for Quality Assurance Overhaul,235392.6,2d180ac9-7d5e-4483-bab9-0c8571bf1357,NGN,2026-02-23 10:54:52.261400
c2ff18f2-67b0-47e7-9ea7-3fc47c9a66dc,db7a4f46-7b58-4ad5-a81a-e5d657450768,2024-03-11,Subcontractor,Subcontractor cost for Quality Assurance Overhaul,166958.76,0f114530-b671-47f9-a494-539a9a599ac1,NGN,2026-02-23 10:54:52.261408
695481cb-f45c-4b5c-8873-6ac48bc52a7f,db7a4f46-7b58-4ad5-a81a-e5d657450768,2024-03-25,Overhead,Overhead cost for Quality Assurance Overhaul,118608.08,49aa1370-bfe9-4842-8cfd-bf0f8968f907,NGN,2026-02-23 10:54:52.261417
7e41fcc4-3b83-4b44-a745-e44380bf5c40,db7a4f46-7b58-4ad5-a81a-e5d657450768,2024-03-11,Labour,Labour cost for Quality Assurance Overhaul,290730.0399999981,ab91d310-20dd-4de9-8a56-7084a723761d,NGN,2026-02-23 10:54:52.261426
9aa0c1a9-8587-4b9e-9a91-bd9026494dfb,c1ccdca0-1082-49b5-adef-acc34331698e,2024-02-16,Materials,Materials cost for Supply Chain Optimization,6841995.82,0093345f-e7b4-4824-89c0-4c17390c36a2,NGN,2026-02-23 10:54:52.261451
897b333e-0fd8-4c0a-9a66-23da9739d6f3,c1ccdca0-1082-49b5-adef-acc34331698e,2024-11-03,Travel,Travel cost for Supply Chain Optimization,5715948.25,0fe30b33-bbde-4754-974e-9139d830eda4,NGN,2026-02-23 10:54:52.261460
3dea9dd7-e535-42bc-9c59-b5d639828ec9,c1ccdca0-1082-49b5-adef-acc34331698e,2024-03-04,Consulting,Consulting cost for Supply Chain Optimization,5112057.2,316ed8e3-8b2d-44b9-a291-d4469d977631,NGN,2026-02-23 10:54:52.261470
71a796b4-535a-45b7-b788-7091dc26cc46,c1ccdca0-1082-49b5-adef-acc34331698e,2024-10-15,Overhead,Overhead cost for Supply Chain Optimization,3752557.48,4cb7f1f1-a60b-4c38-afbc-2662fc6b4bf0,NGN,2026-02-23 10:54:52.261481
652273b7-e88e-4b19-8e7c-c18a00a68e7c,c1ccdca0-1082-49b5-adef-acc34331698e,2024-10-15,Materials,Materials cost for Supply Chain Optimization,769371.47,e14695af-a1d4-4c0e-8949-6021de0e43a8,NGN,2026-02-23 10:54:52.261490
a8aeaf58-fc6e-4e01-92f9-bb58652737d8,c1ccdca0-1082-49b5-adef-acc34331698e,2024-06-01,Travel,Travel cost for Supply Chain Optimization,1537239.14,a88de2cf-4194-40a5-8fe5-d7509d174618,NGN,2026-02-23 10:54:52.261499
84f57f89-dc59-4622-9bd1-02514c5750f5,c1ccdca0-1082-49b5-adef-acc34331698e,2024-01-25,Equipment,Equipment cost for Supply Chain Optimization,704754.47,e7eccb72-6441-4b8d-be2e-e568822fab60,NGN,2026-02-23 10:54:52.261511
0209c092-d4f6-4632-8123-8fd3540cc1c4,c1ccdca0-1082-49b5-adef-acc34331698e,2024-05-11,Overhead,Overhead cost for Supply Chain Optimization,1503783.66,50add11d-b254-49f8-906d-5ffdf53b51cb,NGN,2026-02-23 10:54:52.261521
6c1abf3d-d376-4f98-a96b-c89d8d3baaec,c1ccdca0-1082-49b5-adef-acc34331698e,2024-08-04,Overhead,Overhead cost for Supply Chain Optimization,984417.15,e56dea4a-1b41-42ea-b2ee-9611e28e4dee,NGN,2026-02-23 10:54:52.261531
09ce33ba-22b6-446a-b0eb-186bf3874aaf,c1ccdca0-1082-49b5-adef-acc34331698e,2024-10-11,Equipment,Equipment cost for Supply Chain Optimization,197802.85,65e7643b-3fce-42f3-8d02-e4a11f08dda8,NGN,2026-02-23 10:54:52.261543
3ad9ce2b-a2f2-46b1-9281-737d07ff83cc,c1ccdca0-1082-49b5-adef-acc34331698e,2024-10-22,Equipment,Equipment cost for Supply Chain Optimization,494121.85,0200754a-8d20-4df9-8e6c-859558b87d00,NGN,2026-02-23 10:54:52.261558
d0536186-518f-412e-82d8-3c8e494e66d9,c1ccdca0-1082-49b5-adef-acc34331698e,2024-06-24,Travel,Travel cost for Supply Chain Optimization,687329.67,fca0132c-3756-437c-a43f-d55d25b5c44b,NGN,2026-02-23 10:54:52.261567
3b5a2d76-3650-488f-bb06-c9b26be64ac1,c1ccdca0-1082-49b5-adef-acc34331698e,2024-11-10,Subcontractor,Subcontractor cost for Supply Chain Optimization,320902.5,67e8607a-1bed-4014-8ea7-47bfa8d0612c,NGN,2026-02-23 10:54:52.261577
9bb3bdc8-3589-4c3f-b08f-cd6abb81687b,c1ccdca0-1082-49b5-adef-acc34331698e,2024-02-15,Subcontractor,Subcontractor cost for Supply Chain Optimization,478291.02,cdeec4ed-68fa-4b78-bd01-8763c0f49e2a,NGN,2026-02-23 10:54:52.261586
2ff366a0-7ccb-48d9-b012-fcc974f24397,c1ccdca0-1082-49b5-adef-acc34331698e,2024-01-16,Subcontractor,Subcontractor cost for Supply Chain Optimization,353358.33,ef4372b7-f4d8-4d9e-9ab0-525e7bd48233,NGN,2026-02-23 10:54:52.261595
c1c2ac84-89f7-49cb-a849-ad60f7500ba0,c1ccdca0-1082-49b5-adef-acc34331698e,2024-08-02,Equipment,Equipment cost for Supply Chain Optimization,230931.05,3f987fc4-0166-4c12-90bf-8a1a2d55da98,NGN,2026-02-23 10:54:52.261605
6a20b0db-14c8-4efb-9be5-6768ca2d238c,c1ccdca0-1082-49b5-adef-acc34331698e,2024-08-09,Overhead,Overhead cost for Supply Chain Optimization,1128249.5899999996,27382223-42e4-4976-b9af-96558339445e,NGN,2026-02-23 10:54:52.261614
90b64a20-7fc7-42ad-964c-4d008a977e59,ae074d19-99ff-4a4d-a9bf-f33446f43f5d,2025-05-02,Labour,Labour cost for New Product Launch - GenX,3791733.28,5d0b76f2-d1b5-4afb-95cc-15f3f48d4095,NGN,2026-02-23 10:54:52.261640
ecbc5adb-aa6e-4f71-bab2-d5fd21e4fa5a,ae074d19-99ff-4a4d-a9bf-f33446f43f5d,2025-05-25,Equipment,Equipment cost for New Product Launch - GenX,2238330.28,d029a725-a1c0-4060-8f58-c4b2dc5bde0c,NGN,2026-02-23 10:54:52.261651
88b2914d-f2ab-456c-8f60-0ae52011fe9a,ae074d19-99ff-4a4d-a9bf-f33446f43f5d,2025-08-14,Materials,Materials cost for New Product Launch - GenX,3447689.24,50625d74-d34f-419b-b6cd-aeb02279621b,NGN,2026-02-23 10:54:52.261661
f3b64a49-f238-4c52-bb32-54f2f22a0eac,ae074d19-99ff-4a4d-a9bf-f33446f43f5d,2025-06-11,Equipment,Equipment cost for New Product Launch - GenX,2294389.02,c707ea9a-efa5-424a-99c4-358f9cb38e21,NGN,2026-02-23 10:54:52.261670
2f8f94d6-bba3-4ac5-8834-8c354f5b629a,ae074d19-99ff-4a4d-a9bf-f33446f43f5d,2025-04-04,Overhead,Overhead cost for New Product Launch - GenX,2181339.09,cb7d989b-b666-420f-87c9-c04cb60c91ab,NGN,2026-02-23 10:54:52.261679
4209a8e3-5d21-4631-b1ae-2d1d108eec4e,ae074d19-99ff-4a4d-a9bf-f33446f43f5d,2025-04-30,Overhead,Overhead cost for New Product Launch - GenX,731377.37,be58545f-51fd-49ae-bac3-dc48b6f46160,NGN,2026-02-23 10:54:52.261689
0bc5501b-e855-4f04-8ee4-4cbce6fab599,ae074d19-99ff-4a4d-a9bf-f33446f43f5d,2025-09-02,Equipment,Equipment cost for New Product Launch - GenX,1348282.96,e17a835a-e0d4-498c-a02e-7fcfa73eb0b6,NGN,2026-02-23 10:54:52.261697
1d965d6e-2f7a-4e84-8e5d-74cf3a4906bd,ae074d19-99ff-4a4d-a9bf-f33446f43f5d,2025-04-23,Consulting,Consulting cost for New Product Launch - GenX,814383.38,9d6ab3e7-1834-4248-9ef5-0064761bac46,NGN,2026-02-23 10:54:52.261709
528e1935-b55d-4f6a-90bf-d0a3053cbc6c,ae074d19-99ff-4a4d-a9bf-f33446f43f5d,2025-04-04,Labour,Labour cost for New Product Launch - GenX,347249.13,01882270-3ea2-44e0-8f1d-af3a1e3012cb,NGN,2026-02-23 10:54:52.261718
14b6b79a-c7e1-476e-b7c1-114a02201d52,ae074d19-99ff-4a4d-a9bf-f33446f43f5d,2025-06-16,Equipment,Equipment cost for New Product Launch - GenX,373525.86,9d6ab3e7-1834-4248-9ef5-0064761bac46,NGN,2026-02-23 10:54:52.261730
fd48e44c-8e6b-4d9a-a6a9-ffc870c2a61d,ae074d19-99ff-4a4d-a9bf-f33446f43f5d,2025-08-28,Subcontractor,Subcontractor cost for New Product Launch - GenX,2425814.1200000024,3f987fc4-0166-4c12-90bf-8a1a2d55da98,NGN,2026-02-23 10:54:52.261738
6614ef63-1a88-4809-9057-33e57c434f4e,bdc75bc2-27ab-4298-8cfa-f7455e58b25f,2025-02-09,Subcontractor,Subcontractor cost for Environmental Compliance Upgrade,11800062.93,125b57c9-acd1-472f-be74-4b1d1d43d112,NGN,2026-02-23 10:54:52.261776
4bc6cfc9-ada7-4718-bdc5-b8e361a75dcc,bdc75bc2-27ab-4298-8cfa-f7455e58b25f,2025-01-23,Subcontractor,Subcontractor cost for Environmental Compliance Upgrade,7454752.68,92d249d4-6af8-4400-9bdd-f0689b85ce6c,NGN,2026-02-23 10:54:52.261785
14f72003-8043-49cc-9a0e-4778908b4be9,bdc75bc2-27ab-4298-8cfa-f7455e58b25f,2024-11-29,Consulting,Consulting cost for Environmental Compliance Upgrade,2154778.97,40836869-4aa5-4e36-b477-6638c58b3f69,NGN,2026-02-23 10:54:52.261795
494b177d-4d92-407c-9e90-44c9c832f3b3,bdc75bc2-27ab-4298-8cfa-f7455e58b25f,2025-04-14,Equipment,Equipment cost for Environmental Compliance Upgrade,2972583.72,064a5c8f-4a46-421e-ae90-af423c1cceba,NGN,2026-02-23 10:54:52.261804
c51a5b26-4738-4d7e-ab55-b87a47029e4d,bdc75bc2-27ab-4298-8cfa-f7455e58b25f,2025-03-08,Consulting,Consulting cost for Environmental Compliance Upgrade,5197701.87,c20737cc-c63a-4880-8ad3-31b76a98bb60,NGN,2026-02-23 10:54:52.261813
1399edd6-ee8f-4ba0-86c1-401bd992509a,bdc75bc2-27ab-4298-8cfa-f7455e58b25f,2025-02-07,Labour,Labour cost for Environmental Compliance Upgrade,2838118.16,cb787fa9-3460-49a6-b501-852fcc0dc29b,NGN,2026-02-23 10:54:52.261823
2f0b3f25-8cf1-454d-8f8e-ed8358f0d8a3,bdc75bc2-27ab-4298-8cfa-f7455e58b25f,2025-01-13,Consulting,Consulting cost for Environmental Compliance Upgrade,3425670.6,a88de2cf-4194-40a5-8fe5-d7509d174618,NGN,2026-02-23 10:54:52.261833
747b9df4-c737-421c-aece-17b8ebe75792,bdc75bc2-27ab-4298-8cfa-f7455e58b25f,2025-03-26,Overhead,Overhead cost for Environmental Compliance Upgrade,1982859.55,7c259094-a60a-499e-add2-82f9de402308,NGN,2026-02-23 10:54:52.261842
f792bf9d-8d6b-4054-a5fe-b1f4e98370bf,bdc75bc2-27ab-4298-8cfa-f7455e58b25f,2024-11-17,Consulting,Consulting cost for Environmental Compliance Upgrade,1706406.72,cb086d8c-420c-4715-ac6b-a1fab326ca98,NGN,2026-02-23 10:54:52.261854
4c0af49a-e496-4656-bc43-3948322c4b54,bdc75bc2-27ab-4298-8cfa-f7455e58b25f,2025-04-22,Consulting,Consulting cost for Environmental Compliance Upgrade,1072235.65,a86c9c87-ae3f-48f0-944a-789d88e1071b,NGN,2026-02-23 10:54:52.261863
281a91fe-4a49-4fd1-8794-0e787fb05542,bdc75bc2-27ab-4298-8cfa-f7455e58b25f,2025-04-19,Labour,Labour cost for Environmental Compliance Upgrade,944908.45,f6d05d41-f086-4fcf-b987-a1ec3ff68550,NGN,2026-02-23 10:54:52.261873
2f18b1ad-3586-4703-97e0-ba00d289754e,bdc75bc2-27ab-4298-8cfa-f7455e58b25f,2024-12-17,Subcontractor,Subcontractor cost for Environmental Compliance Upgrade,474737.41,fc7d9a0a-a8f5-46cf-a58a-e163f1c1afe5,NGN,2026-02-23 10:54:52.261882
e8d396e6-b321-472c-87cf-6bac00385cc6,bdc75bc2-27ab-4298-8cfa-f7455e58b25f,2025-04-11,Travel,Travel cost for Environmental Compliance Upgrade,634071.13,10db4700-ebf6-4615-bbde-3a28afdb771e,NGN,2026-02-23 10:54:52.261892
2377a6bc-247c-42d1-b5d8-e0cb3476b5f9,bdc75bc2-27ab-4298-8cfa-f7455e58b25f,2024-11-25,Subcontractor,Subcontractor cost for Environmental Compliance Upgrade,283831.91,67397338-1c4c-4ef4-a5b6-06260be42ca3,NGN,2026-02-23 10:54:52.261901
472b8c67-96ed-4d01-9990-9ceee6d49a40,bdc75bc2-27ab-4298-8cfa-f7455e58b25f,2025-01-25,Materials,Materials cost for Environmental Compliance Upgrade,546072.24,d784f417-38db-4e63-8c01-ae03b680d6f1,NGN,2026-02-23 10:54:52.261910
d233de2a-e1e5-4f26-beb4-5b98fe746166,bdc75bc2-27ab-4298-8cfa-f7455e58b25f,2025-04-22,Subcontractor,Subcontractor cost for Environmental Compliance Upgrade,536100.08,a0b5177f-70c4-486c-8065-72c5c2283572,NGN,2026-02-23 10:54:52.261921
e7ff42c0-1743-4cd7-9f6a-e68a2a978be6,bdc75bc2-27ab-4298-8cfa-f7455e58b25f,2024-11-28,Overhead,Overhead cost for Environmental Compliance Upgrade,399758.36,0093345f-e7b4-4824-89c0-4c17390c36a2,NGN,2026-02-23 10:54:52.261930
eff461f4-2ba6-4fa7-8a55-6984e1e6cf82,bdc75bc2-27ab-4298-8cfa-f7455e58b25f,2025-04-19,Subcontractor,Subcontractor cost for Environmental Compliance Upgrade,67329.8,78226f04-e895-43d1-9a6e-583766e5de6f,NGN,2026-02-23 10:54:52.261939
18dff703-6a9f-40f9-b895-6b788ff4c3cf,bdc75bc2-27ab-4298-8cfa-f7455e58b25f,2025-03-10,Materials,Materials cost for Environmental Compliance Upgrade,147767.61,1d45caf1-8721-4598-a0cc-a3754fbc0b96,NGN,2026-02-23 10:54:52.261948
7e03e3a6-d4ce-4a25-895d-06029bc4d413,bdc75bc2-27ab-4298-8cfa-f7455e58b25f,2025-01-12,Materials,Materials cost for Environmental Compliance Upgrade,768802.8800000008,db0bed53-8609-456e-8ac2-12e5f2f4b3cd,NGN,2026-02-23 10:54:52.261957
2f993ee3-1060-434f-be89-c993580d1d8f,41f86314-4fc6-4c1a-88a0-28d1a2ec64a9,2024-12-10,Subcontractor,Subcontractor cost for PH Branch Setup,9228797.73,bd9aecea-d1b7-4d28-bce5-fa42bcb82b3a,NGN,2026-02-23 10:54:52.261980
6a4e898b-8fd0-4e05-a3ce-d9f3b47f45ea,41f86314-4fc6-4c1a-88a0-28d1a2ec64a9,2025-04-07,Consulting,Consulting cost for PH Branch Setup,4633479.02,1dca5d52-cfcf-47bf-82cc-34566b49f847,NGN,2026-02-23 10:54:52.261990
a6c2d227-0f27-4217-8e7a-1f3e376b3c08,41f86314-4fc6-4c1a-88a0-28d1a2ec64a9,2024-11-18,Travel,Travel cost for PH Branch Setup,3632853.05,3c4c86f4-729e-45b0-a6aa-0a3c23adfbc5,NGN,2026-02-23 10:54:52.261999
95a65232-d519-4a14-b7bc-12eeca8d6b66,41f86314-4fc6-4c1a-88a0-28d1a2ec64a9,2025-03-03,Subcontractor,Subcontractor cost for PH Branch Setup,1714812.28,47f6d027-4cea-4396-952a-72a4e4277007,NGN,2026-02-23 10:54:52.262024
92a1d580-0617-4fe1-852b-683c20eea579,41f86314-4fc6-4c1a-88a0-28d1a2ec64a9,2025-02-16,Materials,Materials cost for PH Branch Setup,3169046.41,d1711e26-7ae8-42df-b99c-04f0b4286ff9,NGN,2026-02-23 10:54:52.262035
1d77ca8f-2a15-4240-a9de-14d6b4830e94,41f86314-4fc6-4c1a-88a0-28d1a2ec64a9,2025-01-17,Overhead,Overhead cost for PH Branch Setup,3803102.41,704ab9f1-c1ee-426c-ab5f-b2ca1adadff7,NGN,2026-02-23 10:54:52.262044
2580b50d-473c-48d5-b727-a924c673bde0,41f86314-4fc6-4c1a-88a0-28d1a2ec64a9,2025-03-14,Consulting,Consulting cost for PH Branch Setup,1810021.63,a0b5177f-70c4-486c-8065-72c5c2283572,NGN,2026-02-23 10:54:52.262053
21c864d3-95cb-4f25-b399-42df6960a3c7,41f86314-4fc6-4c1a-88a0-28d1a2ec64a9,2025-02-16,Overhead,Overhead cost for PH Branch Setup,3414216.57,10cbeaf1-b9f9-439c-a6c9-f177e2240b07,NGN,2026-02-23 10:54:52.262063
41fd6421-b045-4360-ad0a-3de65fd79097,41f86314-4fc6-4c1a-88a0-28d1a2ec64a9,2024-11-16,Materials,Materials cost for PH Branch Setup,793506.62,9d6ab3e7-1834-4248-9ef5-0064761bac46,NGN,2026-02-23 10:54:52.262072
1833b8bf-362b-4f71-97de-b328c36f3627,41f86314-4fc6-4c1a-88a0-28d1a2ec64a9,2024-09-11,Overhead,Overhead cost for PH Branch Setup,1366829.62,a0b5177f-70c4-486c-8065-72c5c2283572,NGN,2026-02-23 10:54:52.262081
ae89aeae-c943-42cd-b7a9-048c31d09ffb,41f86314-4fc6-4c1a-88a0-28d1a2ec64a9,2024-12-20,Equipment,Equipment cost for PH Branch Setup,797701.21,fc7d9a0a-a8f5-46cf-a58a-e163f1c1afe5,NGN,2026-02-23 10:54:52.262091
593b8b39-038e-4ec2-84ca-fd54caf8e229,41f86314-4fc6-4c1a-88a0-28d1a2ec64a9,2024-10-04,Consulting,Consulting cost for PH Branch Setup,5125489.129999998,ff8492a9-b985-425a-b90d-63441bdb003c,NGN,2026-02-23 10:54:52.262100
010a25ac-73f8-4f70-98de-93931a66587b,cb670da7-8510-47d2-8624-3550553abc3d,2025-06-21,Materials,Materials cost for Automated Testing Pipeline,7935592.97,28e3efd0-e7b5-489f-b27c-6cda8e50a1d1,NGN,2026-02-23 10:54:52.262147
9c46cfb6-b344-413c-b63a-076a0d091329,cb670da7-8510-47d2-8624-3550553abc3d,2025-06-08,Travel,Travel cost for Automated Testing Pipeline,12762661.96,9d6ab3e7-1834-4248-9ef5-0064761bac46,NGN,2026-02-23 10:54:52.262160
411edbb6-617b-4438-9990-fffb18cedd75,cb670da7-8510-47d2-8624-3550553abc3d,2025-05-08,Consulting,Consulting cost for Automated Testing Pipeline,5611298.56,1dca5d52-cfcf-47bf-82cc-34566b49f847,NGN,2026-02-23 10:54:52.262172
5a58c4dc-13b9-4ec5-acb5-d79a3c9fc473,cb670da7-8510-47d2-8624-3550553abc3d,2025-03-18,Consulting,Consulting cost for Automated Testing Pipeline,5924594.7,80c778f0-c34a-4e07-9a1d-6ae24d175243,NGN,2026-02-23 10:54:52.262182
faa26b39-331a-4510-9f83-97caadb67611,cb670da7-8510-47d2-8624-3550553abc3d,2025-05-28,Subcontractor,Subcontractor cost for Automated Testing Pipeline,2283416.29,be58545f-51fd-49ae-bac3-dc48b6f46160,NGN,2026-02-23 10:54:52.262191
13cf44d4-62d4-43ae-8f67-cc3c6e7f95ac,cb670da7-8510-47d2-8624-3550553abc3d,2025-04-11,Subcontractor,Subcontractor cost for Automated Testing Pipeline,2238647.46,47f6d027-4cea-4396-952a-72a4e4277007,NGN,2026-02-23 10:54:52.262202
bbed96a4-9488-4291-aefd-c4e4c957260e,cb670da7-8510-47d2-8624-3550553abc3d,2025-06-16,Overhead,Overhead cost for Automated Testing Pipeline,1744876.66,af1ef7f2-e507-480f-a626-a1efed2d8660,NGN,2026-02-23 10:54:52.262211
a17b2031-bc82-4956-b5aa-4a1e24a96636,cb670da7-8510-47d2-8624-3550553abc3d,2025-04-08,Materials,Materials cost for Automated Testing Pipeline,4458232.6,8e0ad8ce-858b-434f-b27d-3ac8006755fd,NGN,2026-02-23 10:54:52.262221
9ed32d43-de4d-4142-a60c-6ec01e15460d,cb670da7-8510-47d2-8624-3550553abc3d,2025-05-19,Materials,Materials cost for Automated Testing Pipeline,4130422.03,b7050f13-05d4-4b06-8ad3-f326aee06b85,NGN,2026-02-23 10:54:52.262230
65234a15-894d-41e9-b215-9a62afe9fc43,cb670da7-8510-47d2-8624-3550553abc3d,2025-07-01,Subcontractor,Subcontractor cost for Automated Testing Pipeline,10865768.46,8e0ad8ce-858b-434f-b27d-3ac8006755fd,NGN,2026-02-23 10:54:52.262239
42e85c28-88c7-4710-bec2-a2cbb982e05a,a21e5720-2144-4fe6-9c2a-6e2470ced55e,2025-08-07,Travel,Travel cost for Data Center Migration,12656851.42,4ed3f3c1-a9b7-49f0-8b38-f47648d0e53f,NGN,2026-02-23 10:54:52.262263
577ba3b0-70f0-43b8-ad94-87ac6f40f4a0,a21e5720-2144-4fe6-9c2a-6e2470ced55e,2024-12-11,Subcontractor,Subcontractor cost for Data Center Migration,4325807.48,0854344d-d8ca-4b0c-9f7f-53e172647c68,NGN,2026-02-23 10:54:52.262272
95e9fb4a-287d-4a31-94c8-e7c4c4290ba5,a21e5720-2144-4fe6-9c2a-6e2470ced55e,2025-08-07,Labour,Labour cost for Data Center Migration,7533696.86,8db60204-783f-41d2-ab72-5f5e58c3d740,NGN,2026-02-23 10:54:52.262282
9f280f15-c416-449f-ac7d-7d97f075b3ee,a21e5720-2144-4fe6-9c2a-6e2470ced55e,2025-01-08,Overhead,Overhead cost for Data Center Migration,1491290.98,3ee60be8-07af-417d-81c0-1cc4206c7a4e,NGN,2026-02-23 10:54:52.262292
6038eb82-a7e7-41b7-8970-324b493eff3e,a21e5720-2144-4fe6-9c2a-6e2470ced55e,2025-10-17,Materials,Materials cost for Data Center Migration,1234348.27,5cc0b0ed-6b6d-4ccb-b7ee-cf106f810020,NGN,2026-02-23 10:54:52.262302
fa7e61f9-6076-4dc5-ab8a-4be59898dae2,a21e5720-2144-4fe6-9c2a-6e2470ced55e,2025-11-03,Travel,Travel cost for Data Center Migration,4558160.29,d8556314-7372-4af8-b03e-7e70507fd12b,NGN,2026-02-23 10:54:52.262311
3900ddbb-b791-4d76-9036-f394dd73735a,a21e5720-2144-4fe6-9c2a-6e2470ced55e,2025-11-27,Labour,Labour cost for Data Center Migration,1642402.0,1d45caf1-8721-4598-a0cc-a3754fbc0b96,NGN,2026-02-23 10:54:52.262324
27ad4892-df16-4865-bbfe-8df827999117,a21e5720-2144-4fe6-9c2a-6e2470ced55e,2025-10-06,Materials,Materials cost for Data Center Migration,1418594.34,b9b8b60f-dead-41ac-b704-7d4c3baf4ead,NGN,2026-02-23 10:54:52.262334
6a76cc4c-b3bb-4e3a-b18f-c15a0693d47d,a21e5720-2144-4fe6-9c2a-6e2470ced55e,2025-01-20,Subcontractor,Subcontractor cost for Data Center Migration,1379395.53,be58545f-51fd-49ae-bac3-dc48b6f46160,NGN,2026-02-23 10:54:52.262344
3902bd6e-7caf-42bc-9b9e-55f35c0b3fb0,a21e5720-2144-4fe6-9c2a-6e2470ced55e,2025-03-21,Travel,Travel cost for Data Center Migration,546249.45,0854344d-d8ca-4b0c-9f7f-53e172647c68,NGN,2026-02-23 10:54:52.262356
f1acbe68-0ad1-4338-87b9-e7ed7a6feb90,a21e5720-2144-4fe6-9c2a-6e2470ced55e,2024-12-28,Overhead,Overhead cost for Data Center Migration,868020.79,f38f9485-f109-4472-a7ad-5667df4dac17,NGN,2026-02-23 10:54:52.262366
875b6ace-7d91-40d5-8b76-16a940d0dea4,a21e5720-2144-4fe6-9c2a-6e2470ced55e,2025-07-29,Labour,Labour cost for Data Center Migration,509506.18,95afdeab-72b8-46da-b3a5-f7b7eff5e40c,NGN,2026-02-23 10:54:52.262376
adf63593-83d6-432e-8e4f-482f834c78fe,a21e5720-2144-4fe6-9c2a-6e2470ced55e,2025-05-28,Materials,Materials cost for Data Center Migration,824355.09,67e8607a-1bed-4014-8ea7-47bfa8d0612c,NGN,2026-02-23 10:54:52.262386
457a228d-d2fa-4e36-927d-d5d4c9b4133c,a21e5720-2144-4fe6-9c2a-6e2470ced55e,2025-06-01,Subcontractor,Subcontractor cost for Data Center Migration,980802.9,f38f9485-f109-4472-a7ad-5667df4dac17,NGN,2026-02-23 10:54:52.262399
10c12503-ce9c-4733-9c21-4719130226ab,a21e5720-2144-4fe6-9c2a-6e2470ced55e,2025-04-03,Travel,Travel cost for Data Center Migration,477892.51,b116b91f-20b3-4576-b5d9-70d9ed06e5f5,NGN,2026-02-23 10:54:52.262408
661e7946-b561-4c0e-ab7d-2c32fabdd224,a21e5720-2144-4fe6-9c2a-6e2470ced55e,2025-01-13,Materials,Materials cost for Data Center Migration,523196.42,0fe30b33-bbde-4754-974e-9139d830eda4,NGN,2026-02-23 10:54:52.262417
919e72f7-4702-401e-87a2-848df085a4d3,a21e5720-2144-4fe6-9c2a-6e2470ced55e,2025-10-07,Travel,Travel cost for Data Center Migration,1708789.8000000017,8e80bca6-b4c8-48a3-9258-0e412a752775,NGN,2026-02-23 10:54:52.262426
682b57a1-359a-417d-8cd5-bf45e076edca,c241e53e-e314-4a9b-b556-cf27940e4174,2025-02-04,Labour,Labour cost for Vendor Management System,10232514.56,77c04c4f-fbbf-4086-ac26-53e502240944,NGN,2026-02-23 10:54:52.262465
8c1d64aa-ee8d-45e6-924a-ba65f5d7605c,c241e53e-e314-4a9b-b556-cf27940e4174,2025-03-20,Labour,Labour cost for Vendor Management System,15173991.59,d784f417-38db-4e63-8c01-ae03b680d6f1,NGN,2026-02-23 10:54:52.262474
6d5b16b8-52ca-4705-a404-8f411342784b,c241e53e-e314-4a9b-b556-cf27940e4174,2025-06-15,Travel,Travel cost for Vendor Management System,14050498.5,bd9aecea-d1b7-4d28-bce5-fa42bcb82b3a,NGN,2026-02-23 10:54:52.262483
4480a8f0-a098-4546-b4e2-81fa30f2ad95,c241e53e-e314-4a9b-b556-cf27940e4174,2025-07-16,Labour,Labour cost for Vendor Management System,4038694.39,10db4700-ebf6-4615-bbde-3a28afdb771e,NGN,2026-02-23 10:54:52.262492
fb7985f6-e045-4b52-8a07-4e82567413ae,c241e53e-e314-4a9b-b556-cf27940e4174,2025-04-28,Subcontractor,Subcontractor cost for Vendor Management System,15422021.89,f6541db5-9502-41b1-b3eb-47860721414a,NGN,2026-02-23 10:54:52.262501
27c3d95a-18e4-4da6-a763-f05a3f07cee4,c241e53e-e314-4a9b-b556-cf27940e4174,2025-05-12,Equipment,Equipment cost for Vendor Management System,4935524.11,b4c8f4fe-65b1-4b19-b3f5-402b3b291f40,NGN,2026-02-23 10:54:52.262510
2680c44f-8c3e-4583-baa9-bb50e9499b21,c241e53e-e314-4a9b-b556-cf27940e4174,2025-06-02,Labour,Labour cost for Vendor Management System,33113691.769999996,fdbd4ff1-8cd6-4017-b064-79c39952479f,NGN,2026-02-23 10:54:52.262519
a6e1acaf-f225-4b39-9bbd-18768181f165,fa9d319c-4b72-4bc7-94c5-168d095caa00,2025-02-26,Overhead,Overhead cost for Employee Wellness Program,5228221.47,7c348baf-708d-4af1-8b6f-1d0880709138,NGN,2026-02-23 10:54:52.262542
d20cfd9b-146f-499f-bf3f-bf853c33ce02,fa9d319c-4b72-4bc7-94c5-168d095caa00,2024-12-21,Materials,Materials cost for Employee Wellness Program,1104627.74,b116b91f-20b3-4576-b5d9-70d9ed06e5f5,NGN,2026-02-23 10:54:52.262551
53428648-8cf6-422b-9091-cf850ba1ad6e,fa9d319c-4b72-4bc7-94c5-168d095caa00,2025-01-12,Materials,Materials cost for Employee Wellness Program,4778849.25,316ed8e3-8b2d-44b9-a291-d4469d977631,NGN,2026-02-23 10:54:52.262562
87ead392-83a0-42c6-b0de-44a763c63f9d,fa9d319c-4b72-4bc7-94c5-168d095caa00,2025-03-03,Overhead,Overhead cost for Employee Wellness Program,2830561.36,9d6ab3e7-1834-4248-9ef5-0064761bac46,NGN,2026-02-23 10:54:52.262571
8c81f026-e21b-43af-81ac-2e559bf36904,fa9d319c-4b72-4bc7-94c5-168d095caa00,2025-03-02,Consulting,Consulting cost for Employee Wellness Program,496312.49,80c778f0-c34a-4e07-9a1d-6ae24d175243,NGN,2026-02-23 10:54:52.262583
5d80f869-5022-4bb9-8fe3-d57f47aa4a0a,fa9d319c-4b72-4bc7-94c5-168d095caa00,2025-02-23,Labour,Labour cost for Employee Wellness Program,2204767.55,3ee60be8-07af-417d-81c0-1cc4206c7a4e,NGN,2026-02-23 10:54:52.262592
03fd5e59-f598-4c7d-af25-c3477310b371,fa9d319c-4b72-4bc7-94c5-168d095caa00,2025-01-17,Materials,Materials cost for Employee Wellness Program,1388483.89,911b8562-98e4-4368-b00c-d22273eaf319,NGN,2026-02-23 10:54:52.262602
65cf5aa6-c772-4d38-9b0e-d8c134ea5e81,fa9d319c-4b72-4bc7-94c5-168d095caa00,2024-12-01,Materials,Materials cost for Employee Wellness Program,274325.8,7c348baf-708d-4af1-8b6f-1d0880709138,NGN,2026-02-23 10:54:52.262611
9023f443-dca9-4404-bbd0-29fbfc699ed3,fa9d319c-4b72-4bc7-94c5-168d095caa00,2025-02-14,Subcontractor,Subcontractor cost for Employee Wellness Program,977446.35,593ac7ed-b63f-4b1c-9514-7e3ca725cded,NGN,2026-02-23 10:54:52.262621
0611533b-df1a-4b3b-aa5b-36c00946ec0f,fa9d319c-4b72-4bc7-94c5-168d095caa00,2024-12-31,Overhead,Overhead cost for Employee Wellness Program,931893.66,f949a0cf-fe2e-467f-a66e-29386b52057e,NGN,2026-02-23 10:54:52.262630
ad25c079-b335-4b8e-b5f5-cc7d61cdd02b,fa9d319c-4b72-4bc7-94c5-168d095caa00,2025-02-03,Materials,Materials cost for Employee Wellness Program,173566.21,4defece5-265e-44c0-82d4-62f559fc7133,NGN,2026-02-23 10:54:52.262640
aeccec7f-d89f-44da-bbb1-02ce6fcaa2af,fa9d319c-4b72-4bc7-94c5-168d095caa00,2025-03-15,Materials,Materials cost for Employee Wellness Program,638206.64,19b8847e-31ea-44df-aae5-010b6f7846c7,NGN,2026-02-23 10:54:52.262649
4c8f9cb0-e67b-4094-88bf-c18a85c7caa8,fa9d319c-4b72-4bc7-94c5-168d095caa00,2025-01-06,Travel,Travel cost for Employee Wellness Program,451998.83,3c4c86f4-729e-45b0-a6aa-0a3c23adfbc5,NGN,2026-02-23 10:54:52.262658
3b573a74-f2a9-4e05-8c0b-f1786c1e4385,fa9d319c-4b72-4bc7-94c5-168d095caa00,2025-02-19,Overhead,Overhead cost for Employee Wellness Program,303279.45,3ee60be8-07af-417d-81c0-1cc4206c7a4e,NGN,2026-02-23 10:54:52.262668
f023f91b-6c41-44bc-8d50-8b385063685e,fa9d319c-4b72-4bc7-94c5-168d095caa00,2025-04-22,Labour,Labour cost for Employee Wellness Program,93330.2,d1711e26-7ae8-42df-b99c-04f0b4286ff9,NGN,2026-02-23 10:54:52.262677
addc569d-c620-4603-a5b4-6362e5d25c0c,fa9d319c-4b72-4bc7-94c5-168d095caa00,2025-01-18,Materials,Materials cost for Employee Wellness Program,185037.33,03d4b21c-ec1c-4373-84d2-625a6a3c7a80,NGN,2026-02-23 10:54:52.262686
753eecd2-7c2c-4aa4-99f6-458e79651c14,fa9d319c-4b72-4bc7-94c5-168d095caa00,2024-12-29,Materials,Materials cost for Employee Wellness Program,550233.4600000015,316ed8e3-8b2d-44b9-a291-d4469d977631,NGN,2026-02-23 10:54:52.262695
a6886d0f-ba97-43fe-89b4-e1e84149da3e,09d02e4f-fb26-4a54-a942-548394a98346,2024-07-09,Travel,Travel cost for Inventory Automation,22658618.92,3ee60be8-07af-417d-81c0-1cc4206c7a4e,NGN,2026-02-23 10:54:52.262729
21bded2f-4592-4501-9d09-d7f426c55842,09d02e4f-fb26-4a54-a942-548394a98346,2024-07-25,Consulting,Consulting cost for Inventory Automation,11195655.61,8d557f40-602c-4374-96fb-a852fd64ace9,NGN,2026-02-23 10:54:52.262740
4bdb6393-8844-4963-ab83-8858697900e1,09d02e4f-fb26-4a54-a942-548394a98346,2024-06-17,Travel,Travel cost for Inventory Automation,19847241.39,b35bcef7-a9ac-4680-815b-9d677b4f3be9,NGN,2026-02-23 10:54:52.262749
586c4568-9893-462d-9dfe-050fff8503ff,09d02e4f-fb26-4a54-a942-548394a98346,2024-07-19,Equipment,Equipment cost for Inventory Automation,7369264.25,7a1c6b5c-3de4-4959-ba83-a6555d8b2400,NGN,2026-02-23 10:54:52.262764
313c58fc-954c-4951-bb89-befa0acb0b9a,09d02e4f-fb26-4a54-a942-548394a98346,2024-06-09,Travel,Travel cost for Inventory Automation,5633388.02,a85e7fb3-388e-41b9-95f0-cc0add7d711b,NGN,2026-02-23 10:54:52.262773
6465f5b5-5e3d-49c9-a656-fcc0a59004c1,09d02e4f-fb26-4a54-a942-548394a98346,2024-08-03,Equipment,Equipment cost for Inventory Automation,2452095.67,7a98b9d5-56e0-4c96-a30e-eb9c83346964,NGN,2026-02-23 10:54:52.262781
7266ea5e-6b37-4379-9668-00f86e5d8010,09d02e4f-fb26-4a54-a942-548394a98346,2024-05-03,Subcontractor,Subcontractor cost for Inventory Automation,3567334.0,03d4b21c-ec1c-4373-84d2-625a6a3c7a80,NGN,2026-02-23 10:54:52.262790
0734e5db-1a60-484f-bfd8-4a48a4e3187e,09d02e4f-fb26-4a54-a942-548394a98346,2024-08-11,Equipment,Equipment cost for Inventory Automation,7317126.69,2363cb36-49c4-4c99-94cb-42ccab0580b8,NGN,2026-02-23 10:54:52.262809
380055ac-1cfa-49ba-b88d-cca7971c6619,09d02e4f-fb26-4a54-a942-548394a98346,2024-04-30,Labour,Labour cost for Inventory Automation,2566406.43,a0b5177f-70c4-486c-8065-72c5c2283572,NGN,2026-02-23 10:54:52.262819
1cf71a6a-9e73-4c79-83fe-507a387c439c,09d02e4f-fb26-4a54-a942-548394a98346,2024-08-06,Overhead,Overhead cost for Inventory Automation,4039827.37,165b7a73-1b21-4823-86e9-6aaa4972c907,NGN,2026-02-23 10:54:52.262831
0ab6af1c-7790-49b3-ae54-16384c212cb8,09d02e4f-fb26-4a54-a942-548394a98346,2024-07-17,Materials,Materials cost for Inventory Automation,2670196.64,2363cb36-49c4-4c99-94cb-42ccab0580b8,NGN,2026-02-23 10:54:52.262840
937926aa-c5c8-43ce-bc65-a3a8017a3a41,09d02e4f-fb26-4a54-a942-548394a98346,2024-08-08,Labour,Labour cost for Inventory Automation,1056710.93,7a98b9d5-56e0-4c96-a30e-eb9c83346964,NGN,2026-02-23 10:54:52.262849
6eb63193-9390-4e0a-a6d5-6bb4efd582a9,09d02e4f-fb26-4a54-a942-548394a98346,2024-08-10,Consulting,Consulting cost for Inventory Automation,2533919.88,ae41cd2f-2b37-4235-98fe-3fa814d6bae8,NGN,2026-02-23 10:54:52.262858
49b252fd-9075-4123-b83f-9c6d83942902,09d02e4f-fb26-4a54-a942-548394a98346,2024-07-15,Subcontractor,Subcontractor cost for Inventory Automation,2153592.02,92286704-bc39-416e-b672-1c8c8e175ec9,NGN,2026-02-23 10:54:52.262867
f549ad1a-8a3c-49e2-ab2d-9a42cafbc772,09d02e4f-fb26-4a54-a942-548394a98346,2024-05-26,Labour,Labour cost for Inventory Automation,1932655.28,be99ce47-790c-4162-923a-f62b52e4a702,NGN,2026-02-23 10:54:52.262876
8b61d747-4104-4d5a-aafc-89f084239fe3,09d02e4f-fb26-4a54-a942-548394a98346,2024-03-06,Consulting,Consulting cost for Inventory Automation,1394102.1,b84bc9bf-96f5-4f5d-b409-6c47933112d4,NGN,2026-02-23 10:54:52.262886
00de2a51-22ac-48ae-9dd0-d113bb0e8a7e,09d02e4f-fb26-4a54-a942-548394a98346,2024-02-29,Subcontractor,Subcontractor cost for Inventory Automation,1026072.33,4a46b4f6-6f79-4212-9c53-42b5dfcdd335,NGN,2026-02-23 10:54:52.262895
521d3442-73ca-489b-896d-7ca1b3ecbb2c,09d02e4f-fb26-4a54-a942-548394a98346,2024-03-16,Consulting,Consulting cost for Inventory Automation,266206.17,5d0b76f2-d1b5-4afb-95cc-15f3f48d4095,NGN,2026-02-23 10:54:52.262904
c91a77d5-8b49-4a6c-a147-77f4e6893c1f,09d02e4f-fb26-4a54-a942-548394a98346,2024-07-07,Materials,Materials cost for Inventory Automation,404313.49,1b05f668-c7e3-4a27-bf65-b4f3d40a41cb,NGN,2026-02-23 10:54:52.262913
eda1057c-5327-41a8-a5b9-e3111cfbfe4b,09d02e4f-fb26-4a54-a942-548394a98346,2024-07-19,Equipment,Equipment cost for Inventory Automation,2187341.8099999996,0200754a-8d20-4df9-8e6c-859558b87d00,NGN,2026-02-23 10:54:52.262921
d306048c-7922-41fe-a86a-9c41e4d5c1b6,b8609a42-433b-4309-924b-b016723fb448,2025-05-20,Travel,Travel cost for Mobile App Development,12464762.91,1b7e2824-b926-4f3f-9136-dbae7da24d23,NGN,2026-02-23 10:54:52.262947
09014986-b5bc-4f20-bfd2-123882be03d8,b8609a42-433b-4309-924b-b016723fb448,2025-05-08,Overhead,Overhead cost for Mobile App Development,11239893.54,a88de2cf-4194-40a5-8fe5-d7509d174618,NGN,2026-02-23 10:54:52.262959
a0dc1cb5-d9ff-415b-89ef-f88e751ef2e1,b8609a42-433b-4309-924b-b016723fb448,2025-07-20,Overhead,Overhead cost for Mobile App Development,10422836.62,67397338-1c4c-4ef4-a5b6-06260be42ca3,NGN,2026-02-23 10:54:52.262968
c12ef96b-2730-4dfe-8d36-8043eb82476d,b8609a42-433b-4309-924b-b016723fb448,2025-04-29,Travel,Travel cost for Mobile App Development,7528590.16,9286f0a4-c019-4261-97d4-b86375e0de41,NGN,2026-02-23 10:54:52.262980
1b18cc91-da0e-45ee-86dd-267c3dba5f64,b8609a42-433b-4309-924b-b016723fb448,2025-06-28,Consulting,Consulting cost for Mobile App Development,5902620.0,50625d74-d34f-419b-b6cd-aeb02279621b,NGN,2026-02-23 10:54:52.262990
50d4d3cf-3f6d-4433-9091-2909489889be,b8609a42-433b-4309-924b-b016723fb448,2025-06-12,Equipment,Equipment cost for Mobile App Development,922882.65,5d28d991-af20-4a95-ac85-1382f138012f,NGN,2026-02-23 10:54:52.262999
f15a56b0-a9d6-4fda-b4c9-718aa7df22a6,b8609a42-433b-4309-924b-b016723fb448,2025-05-22,Materials,Materials cost for Mobile App Development,3637174.87,80c778f0-c34a-4e07-9a1d-6ae24d175243,NGN,2026-02-23 10:54:52.263030
ef29b5c0-214b-4f84-8cc5-1535fa970298,b8609a42-433b-4309-924b-b016723fb448,2025-04-20,Consulting,Consulting cost for Mobile App Development,2619506.24,b116b91f-20b3-4576-b5d9-70d9ed06e5f5,NGN,2026-02-23 10:54:52.263040
07f77813-2026-4be7-a71c-c01cd47f76b9,b8609a42-433b-4309-924b-b016723fb448,2025-05-06,Materials,Materials cost for Mobile App Development,700139.89,8db60204-783f-41d2-ab72-5f5e58c3d740,NGN,2026-02-23 10:54:52.263049
70c9ee79-fc50-40ce-8a95-a20291f1a761,b8609a42-433b-4309-924b-b016723fb448,2025-05-02,Materials,Materials cost for Mobile App Development,1448906.28,d1711e26-7ae8-42df-b99c-04f0b4286ff9,NGN,2026-02-23 10:54:52.263058
56e705fa-5be3-4066-b633-64884ee5010b,b8609a42-433b-4309-924b-b016723fb448,2025-06-26,Travel,Travel cost for Mobile App Development,533717.81,a7610cfe-a349-4e85-801e-8e1fd85cc06e,NGN,2026-02-23 10:54:52.263067
eda8a0a0-fb3d-47f7-b844-1573251d872e,b8609a42-433b-4309-924b-b016723fb448,2025-07-23,Overhead,Overhead cost for Mobile App Development,4703918.920000007,e4a2772a-5366-4708-8309-02a2a6933717,NGN,2026-02-23 10:54:52.263076
22f8ad35-df3d-4fdc-8eb7-6eead4d1f874,0fa9e777-4942-48d3-b4a5-30a06b558701,2025-04-19,Labour,Labour cost for Building Security Upgrade,5197846.97,fdc80963-68ef-4349-a847-c73e16c39c58,NGN,2026-02-23 10:54:52.263112
fa5db66a-723f-482d-81e3-92f521cfb61a,0fa9e777-4942-48d3-b4a5-30a06b558701,2025-05-17,Subcontractor,Subcontractor cost for Building Security Upgrade,11642160.76,9bb23b64-0462-4e16-a045-dc9cf6ab9e96,NGN,2026-02-23 10:54:52.263121
fc4a2144-35fd-4470-8103-923863da4893,0fa9e777-4942-48d3-b4a5-30a06b558701,2025-06-09,Equipment,Equipment cost for Building Security Upgrade,7645011.18,d1711e26-7ae8-42df-b99c-04f0b4286ff9,NGN,2026-02-23 10:54:52.263130
7bb5cd2a-a0b6-4eeb-bc0d-ec992d156f04,0fa9e777-4942-48d3-b4a5-30a06b558701,2025-05-20,Materials,Materials cost for Building Security Upgrade,3069511.93,61db2be2-4c79-4d43-bc0a-6e89045ebd5f,NGN,2026-02-23 10:54:52.263142
7317e670-8c55-41e0-9954-4e19bbeecdcb,0fa9e777-4942-48d3-b4a5-30a06b558701,2025-06-25,Materials,Materials cost for Building Security Upgrade,1536739.26,9bb23b64-0462-4e16-a045-dc9cf6ab9e96,NGN,2026-02-23 10:54:52.263153
6a10f09b-6f79-4757-9db7-6c2546fc63d0,0fa9e777-4942-48d3-b4a5-30a06b558701,2025-06-28,Overhead,Overhead cost for Building Security Upgrade,3652821.35,593ac7ed-b63f-4b1c-9514-7e3ca725cded,NGN,2026-02-23 10:54:52.263163
2bd05244-d78c-4dfa-ad19-fa3726a5fffd,0fa9e777-4942-48d3-b4a5-30a06b558701,2025-06-03,Labour,Labour cost for Building Security Upgrade,2491970.09,80c778f0-c34a-4e07-9a1d-6ae24d175243,NGN,2026-02-23 10:54:52.263172
9a4520eb-9817-46fc-9872-593d2e51fb6b,0fa9e777-4942-48d3-b4a5-30a06b558701,2025-06-10,Labour,Labour cost for Building Security Upgrade,1692019.33,a8d95b7d-c9cc-477b-a938-14e1d96bb47b,NGN,2026-02-23 10:54:52.263182
cc63f0df-3c5e-43d4-8df8-c6fd1397fc8d,0fa9e777-4942-48d3-b4a5-30a06b558701,2025-05-28,Travel,Travel cost for Building Security Upgrade,1869874.36,2f71895f-4b18-43d5-93de-670d971a51bd,NGN,2026-02-23 10:54:52.263191
f7d751c5-b3c7-4ae4-b98f-b06c8f45486f,0fa9e777-4942-48d3-b4a5-30a06b558701,2025-07-01,Labour,Labour cost for Building Security Upgrade,947031.77,0200754a-8d20-4df9-8e6c-859558b87d00,NGN,2026-02-23 10:54:52.263201
4a66b823-cc9b-4aa9-91c2-80c9b714be04,0fa9e777-4942-48d3-b4a5-30a06b558701,2025-06-28,Equipment,Equipment cost for Building Security Upgrade,5345908.840000007,e14695af-a1d4-4c0e-8949-6021de0e43a8,NGN,2026-02-23 10:54:52.263210
35920872-1b79-49f6-9823-60cd1a0b81a2,d2d06f81-45be-4fb2-b948-df93e98a7e12,2024-02-23,Overhead,Overhead cost for Financial Reporting Enhancement,2131248.47,004d6b73-e5a7-4227-84a0-944f1aa2e643,NGN,2026-02-23 10:54:52.263232
fa4b8690-88ce-48bc-9b59-9dcc71e585f3,d2d06f81-45be-4fb2-b948-df93e98a7e12,2024-01-30,Labour,Labour cost for Financial Reporting Enhancement,7437179.35,422a7caa-d41e-464a-9606-cf7e4697977a,NGN,2026-02-23 10:54:52.263240
dc8f2f81-e91b-4e85-919c-0b619fbbefac,d2d06f81-45be-4fb2-b948-df93e98a7e12,2024-05-12,Labour,Labour cost for Financial Reporting Enhancement,7803278.55,10cbeaf1-b9f9-439c-a6c9-f177e2240b07,NGN,2026-02-23 10:54:52.263249
3f2dd14f-c7a2-4137-8bbf-842c6fd11459,d2d06f81-45be-4fb2-b948-df93e98a7e12,2024-05-11,Equipment,Equipment cost for Financial Reporting Enhancement,4494233.84,97075e4e-7681-4428-a37f-250af6870013,NGN,2026-02-23 10:54:52.263261
36ffbea4-8100-4493-afb2-8b900fd9a80b,d2d06f81-45be-4fb2-b948-df93e98a7e12,2024-03-02,Materials,Materials cost for Financial Reporting Enhancement,3436779.85,d1711e26-7ae8-42df-b99c-04f0b4286ff9,NGN,2026-02-23 10:54:52.263270
f8aeb91a-c197-47bc-bb6f-50f024423dfd,d2d06f81-45be-4fb2-b948-df93e98a7e12,2024-05-17,Labour,Labour cost for Financial Reporting Enhancement,2844459.85,e22bd05a-311c-4f1f-94ed-5a7dd08738bd,NGN,2026-02-23 10:54:52.263280
bb145b99-7eae-4e2c-8fb4-7fa8cb787c00,d2d06f81-45be-4fb2-b948-df93e98a7e12,2024-01-25,Labour,Labour cost for Financial Reporting Enhancement,10188386.249999996,97075e4e-7681-4428-a37f-250af6870013,NGN,2026-02-23 10:54:52.263292
d8554f46-1cd3-401d-b358-ba93e23dcea1,087f1489-550d-438e-bf2a-0acb9885b9c5,2024-09-02,Overhead,Overhead cost for Water Treatment Plant,11649584.73,0200754a-8d20-4df9-8e6c-859558b87d00,NGN,2026-02-23 10:54:52.263327
ac5b98a6-4828-4035-98ac-d44bbcb27b0c,087f1489-550d-438e-bf2a-0acb9885b9c5,2024-07-13,Travel,Travel cost for Water Treatment Plant,9884546.21,fdbd4ff1-8cd6-4017-b064-79c39952479f,NGN,2026-02-23 10:54:52.263336
5a1b715f-200b-4fc1-8585-ba7c9d913c3c,087f1489-550d-438e-bf2a-0acb9885b9c5,2024-08-29,Consulting,Consulting cost for Water Treatment Plant,5779967.86,a5fa5fa7-7763-4d90-96c2-462b3a6a2b10,NGN,2026-02-23 10:54:52.263345
5ff8ad85-2fba-4203-99c3-fe1dcabc294d,087f1489-550d-438e-bf2a-0acb9885b9c5,2024-09-09,Travel,Travel cost for Water Treatment Plant,2903764.63,5ddeb406-253a-493e-be05-73e4ed6e5709,NGN,2026-02-23 10:54:52.263355
44f6a6e7-4bc1-4f9e-9ae0-cec0ca8e930b,087f1489-550d-438e-bf2a-0acb9885b9c5,2024-07-13,Consulting,Consulting cost for Water Treatment Plant,2542846.77,c8ed74d1-a67f-4d3b-b50d-0dbcb63b8319,NGN,2026-02-23 10:54:52.263364
b8184feb-3de8-41b1-b594-83e66391b2da,087f1489-550d-438e-bf2a-0acb9885b9c5,2024-08-16,Materials,Materials cost for Water Treatment Plant,5147545.84,c8ed74d1-a67f-4d3b-b50d-0dbcb63b8319,NGN,2026-02-23 10:54:52.263374
06a6ac5b-37f8-4ddd-9389-3db9cc260f79,087f1489-550d-438e-bf2a-0acb9885b9c5,2024-07-27,Labour,Labour cost for Water Treatment Plant,3049367.97,25c2feef-01d5-4132-9400-fb08640a707f,NGN,2026-02-23 10:54:52.263383
c28eadc4-ecf9-4783-b28e-3b4aa581f3db,087f1489-550d-438e-bf2a-0acb9885b9c5,2024-09-08,Consulting,Consulting cost for Water Treatment Plant,1709180.92,b18e935f-e674-4312-aa6a-b632dc4f3010,NGN,2026-02-23 10:54:52.263392
b862d76f-54df-4270-acec-6fe0ccab3e92,087f1489-550d-438e-bf2a-0acb9885b9c5,2024-09-07,Subcontractor,Subcontractor cost for Water Treatment Plant,2088476.49,49aa1370-bfe9-4842-8cfd-bf0f8968f907,NGN,2026-02-23 10:54:52.263401
c263c09d-2321-429b-9744-2ba54969b478,087f1489-550d-438e-bf2a-0acb9885b9c5,2024-07-04,Travel,Travel cost for Water Treatment Plant,1961930.82,5d0b76f2-d1b5-4afb-95cc-15f3f48d4095,NGN,2026-02-23 10:54:52.263411
ac03edff-bebd-4f3a-a9d9-1e01c966053b,087f1489-550d-438e-bf2a-0acb9885b9c5,2024-07-10,Overhead,Overhead cost for Water Treatment Plant,821723.42,10db4700-ebf6-4615-bbde-3a28afdb771e,NGN,2026-02-23 10:54:52.263422
5c2906ca-39a2-46ed-a061-4c60f95910c4,087f1489-550d-438e-bf2a-0acb9885b9c5,2024-07-26,Overhead,Overhead cost for Water Treatment Plant,614837.92,61db2be2-4c79-4d43-bc0a-6e89045ebd5f,NGN,2026-02-23 10:54:52.263430
112ccc7b-71b5-42e3-b672-07497f03e08f,087f1489-550d-438e-bf2a-0acb9885b9c5,2024-07-05,Consulting,Consulting cost for Water Treatment Plant,527886.39,125b57c9-acd1-472f-be74-4b1d1d43d112,NGN,2026-02-23 10:54:52.263439
6a71ab22-d91d-497c-be1a-8a81654f3382,087f1489-550d-438e-bf2a-0acb9885b9c5,2024-09-12,Overhead,Overhead cost for Water Treatment Plant,750978.51,f6541db5-9502-41b1-b3eb-47860721414a,NGN,2026-02-23 10:54:52.263448
77e88aa2-adcc-495c-b5f0-5108ae21d657,087f1489-550d-438e-bf2a-0acb9885b9c5,2024-08-18,Subcontractor,Subcontractor cost for Water Treatment Plant,1751017.36,92286704-bc39-416e-b672-1c8c8e175ec9,NGN,2026-02-23 10:54:52.263457
656a7ea5-0d6f-47c6-a10b-a068bcc9bfa4,087f1489-550d-438e-bf2a-0acb9885b9c5,2024-07-07,Subcontractor,Subcontractor cost for Water Treatment Plant,282716.91,9b2a2950-b51a-4f5c-a103-96eed14a2139,NGN,2026-02-23 10:54:52.263466
0c5d2263-fb0d-4439-8ed3-6a8d235de198,087f1489-550d-438e-bf2a-0acb9885b9c5,2024-07-24,Subcontractor,Subcontractor cost for Water Treatment Plant,1124368.29,8d557f40-602c-4374-96fb-a852fd64ace9,NGN,2026-02-23 10:54:52.263478
5453fb9f-a2ae-4fab-a2a0-ee0d67ae623d,087f1489-550d-438e-bf2a-0acb9885b9c5,2024-07-25,Overhead,Overhead cost for Water Treatment Plant,256882.78,0854344d-d8ca-4b0c-9f7f-53e172647c68,NGN,2026-02-23 10:54:52.263487
228d136d-b5f0-445b-9022-95749c6603d9,087f1489-550d-438e-bf2a-0acb9885b9c5,2024-08-27,Subcontractor,Subcontractor cost for Water Treatment Plant,371683.39,ef4372b7-f4d8-4d9e-9ab0-525e7bd48233,NGN,2026-02-23 10:54:52.263496
47da92c3-6e1d-4dbe-989f-796da348fd3e,087f1489-550d-438e-bf2a-0acb9885b9c5,2024-07-18,Materials,Materials cost for Water Treatment Plant,2126493.0200000005,4724900c-254d-4f31-8cc7-1dab420bb4eb,NGN,2026-02-23 10:54:52.263505
d4c6dd2a-43b5-42ac-bf39-e1ffad68d2ce,2870a1b9-cb81-44f6-8791-126a7f1f496f,2025-05-09,Equipment,Equipment cost for Fire Safety Upgrade,1611548.21,1dca5d52-cfcf-47bf-82cc-34566b49f847,NGN,2026-02-23 10:54:52.263527
7e191409-abb2-4d3f-908f-c4a56044eb92,2870a1b9-cb81-44f6-8791-126a7f1f496f,2025-05-01,Travel,Travel cost for Fire Safety Upgrade,1927232.6,7a1c6b5c-3de4-4959-ba83-a6555d8b2400,NGN,2026-02-23 10:54:52.263536
8afb2429-e523-44c1-a641-b3c53778f62b,2870a1b9-cb81-44f6-8791-126a7f1f496f,2025-04-05,Equipment,Equipment cost for Fire Safety Upgrade,543263.69,92286704-bc39-416e-b672-1c8c8e175ec9,NGN,2026-02-23 10:54:52.263545
093ff659-8735-42d1-8174-8f7342e7071f,2870a1b9-cb81-44f6-8791-126a7f1f496f,2025-04-19,Labour,Labour cost for Fire Safety Upgrade,1356372.52,14152142-ccf0-465b-a7eb-71ebb96d3d53,NGN,2026-02-23 10:54:52.263557
3c14d25c-f3fb-4154-a2f2-6d276e03c1d7,2870a1b9-cb81-44f6-8791-126a7f1f496f,2025-05-17,Consulting,Consulting cost for Fire Safety Upgrade,803842.18,de383ccf-3739-4e31-82cb-57dd040a46d6,NGN,2026-02-23 10:54:52.263566
93b80535-f3d3-44ca-bed4-5840eb37a500,2870a1b9-cb81-44f6-8791-126a7f1f496f,2025-01-04,Subcontractor,Subcontractor cost for Fire Safety Upgrade,566845.09,a5fa5fa7-7763-4d90-96c2-462b3a6a2b10,NGN,2026-02-23 10:54:52.263575
34fd0278-f995-4c47-84c0-76aab470520f,2870a1b9-cb81-44f6-8791-126a7f1f496f,2025-02-02,Consulting,Consulting cost for Fire Safety Upgrade,242516.72,4ed3f3c1-a9b7-49f0-8b38-f47648d0e53f,NGN,2026-02-23 10:54:52.263585
d2c4f921-8eaf-4d0f-8943-2b6172ff5980,2870a1b9-cb81-44f6-8791-126a7f1f496f,2024-11-17,Travel,Travel cost for Fire Safety Upgrade,289495.65,c8ed74d1-a67f-4d3b-b50d-0dbcb63b8319,NGN,2026-02-23 10:54:52.263593
feb0d158-9ed8-4ab9-b933-d55396ba37bd,2870a1b9-cb81-44f6-8791-126a7f1f496f,2025-05-14,Labour,Labour cost for Fire Safety Upgrade,403432.9,bcae7903-bd41-4c87-96d4-f2deb4648146,NGN,2026-02-23 10:54:52.263602
061dd7fb-ab6b-4303-b84e-b11012670274,2870a1b9-cb81-44f6-8791-126a7f1f496f,2025-04-29,Materials,Materials cost for Fire Safety Upgrade,101170.48,adb1307a-96ac-450b-bf90-73005bd9abd6,NGN,2026-02-23 10:54:52.263614
c3a4ad47-323b-47e6-b941-b117388753ca,2870a1b9-cb81-44f6-8791-126a7f1f496f,2025-04-03,Subcontractor,Subcontractor cost for Fire Safety Upgrade,50787.09,5cc0b0ed-6b6d-4ccb-b7ee-cf106f810020,NGN,2026-02-23 10:54:52.263624
4f35e711-5e36-4f6e-8c60-493cd344aa25,2870a1b9-cb81-44f6-8791-126a7f1f496f,2025-02-14,Consulting,Consulting cost for Fire Safety Upgrade,97296.93,fc655984-173d-4afe-a37a-042896396037,NGN,2026-02-23 10:54:52.263634
4296cd2c-806c-420e-b228-5c66afaf0fbb,2870a1b9-cb81-44f6-8791-126a7f1f496f,2025-01-30,Overhead,Overhead cost for Fire Safety Upgrade,170514.87,92d249d4-6af8-4400-9bdd-f0689b85ce6c,NGN,2026-02-23 10:54:52.263643
27451765-f8ed-479e-8b46-cd053f0c1d40,2870a1b9-cb81-44f6-8791-126a7f1f496f,2024-11-25,Overhead,Overhead cost for Fire Safety Upgrade,81430.99,e56dea4a-1b41-42ea-b2ee-9611e28e4dee,NGN,2026-02-23 10:54:52.263653
d19e4684-b7c0-4293-aa33-111545a23efd,2870a1b9-cb81-44f6-8791-126a7f1f496f,2025-04-15,Equipment,Equipment cost for Fire Safety Upgrade,146203.08,17329ca3-76fc-4a0d-b252-8df2d80fea2b,NGN,2026-02-23 10:54:52.263663
8a6bf1ba-34c7-4acc-8be9-bad0b2dc73f6,2870a1b9-cb81-44f6-8791-126a7f1f496f,2025-02-18,Overhead,Overhead cost for Fire Safety Upgrade,25412.6,b537702a-513d-4323-8ba6-1c8387f004b5,NGN,2026-02-23 10:54:52.263673
072909ca-06af-4642-8fd9-f1592b79b89a,2870a1b9-cb81-44f6-8791-126a7f1f496f,2024-12-30,Travel,Travel cost for Fire Safety Upgrade,99740.87,1b7e2824-b926-4f3f-9136-dbae7da24d23,NGN,2026-02-23 10:54:52.263682
92e05e6e-a4c1-48ac-a5df-8d1510b782f6,2870a1b9-cb81-44f6-8791-126a7f1f496f,2025-03-16,Overhead,Overhead cost for Fire Safety Upgrade,36544.35,fca0132c-3756-437c-a43f-d55d25b5c44b,NGN,2026-02-23 10:54:52.263691
70229410-4877-4e9b-aed2-15a67975686b,2870a1b9-cb81-44f6-8791-126a7f1f496f,2025-02-04,Materials,Materials cost for Fire Safety Upgrade,198340.37999999928,704ab9f1-c1ee-426c-ab5f-b2ca1adadff7,NGN,2026-02-23 10:54:52.263700
57024622-b8e3-4d6a-a345-fd8a2cb7cf6d,5a23fed7-aa64-48b1-b652-4671763bf064,2024-05-03,Travel,Travel cost for Network Infrastructure Overhaul,6283975.85,422a7caa-d41e-464a-9606-cf7e4697977a,NGN,2026-02-23 10:54:52.263723
8aa155f0-8f28-4762-b876-5e28bd6991d1,5a23fed7-aa64-48b1-b652-4671763bf064,2024-06-01,Travel,Travel cost for Network Infrastructure Overhaul,5998833.69,0200754a-8d20-4df9-8e6c-859558b87d00,NGN,2026-02-23 10:54:52.263732
da9fd016-8e26-4582-bf21-0edd4b7fef04,5a23fed7-aa64-48b1-b652-4671763bf064,2024-07-12,Labour,Labour cost for Network Infrastructure Overhaul,3587000.54,97075e4e-7681-4428-a37f-250af6870013,NGN,2026-02-23 10:54:52.263744
05a89988-5c34-4023-8ef6-98e91baa8462,5a23fed7-aa64-48b1-b652-4671763bf064,2024-04-24,Overhead,Overhead cost for Network Infrastructure Overhaul,5481992.84,a85e7fb3-388e-41b9-95f0-cc0add7d711b,NGN,2026-02-23 10:54:52.263753
2555c997-74c9-47c5-a192-930e78a4ef32,5a23fed7-aa64-48b1-b652-4671763bf064,2024-08-16,Consulting,Consulting cost for Network Infrastructure Overhaul,4568096.64,a5fa5fa7-7763-4d90-96c2-462b3a6a2b10,NGN,2026-02-23 10:54:52.263762
260d8ea4-367d-4976-9e3f-58605673d5b6,5a23fed7-aa64-48b1-b652-4671763bf064,2024-05-26,Equipment,Equipment cost for Network Infrastructure Overhaul,5073761.68,b7050f13-05d4-4b06-8ad3-f326aee06b85,NGN,2026-02-23 10:54:52.263772
c25a60a4-153e-4814-bdb8-87ff2442c3d9,5a23fed7-aa64-48b1-b652-4671763bf064,2024-08-26,Overhead,Overhead cost for Network Infrastructure Overhaul,829176.62,704ab9f1-c1ee-426c-ab5f-b2ca1adadff7,NGN,2026-02-23 10:54:52.263780
35d3e507-6aef-4576-a095-d8ad84f1f268,5a23fed7-aa64-48b1-b652-4671763bf064,2024-02-02,Materials,Materials cost for Network Infrastructure Overhaul,12194024.74,fc655984-173d-4afe-a37a-042896396037,NGN,2026-02-23 10:54:52.263792
6c8076d8-7e3d-4ac9-805a-bb07962feb40,db6e2afa-8a33-4a3e-96b4-a592350a00ed,2024-06-14,Materials,Materials cost for Backup Power Systems,5267107.72,be58545f-51fd-49ae-bac3-dc48b6f46160,NGN,2026-02-23 10:54:52.263814
10a559e9-b0d5-4406-92d3-c4f4caed3734,db6e2afa-8a33-4a3e-96b4-a592350a00ed,2024-06-02,Overhead,Overhead cost for Backup Power Systems,7807504.83,5cc0b0ed-6b6d-4ccb-b7ee-cf106f810020,NGN,2026-02-23 10:54:52.263823
a522a955-ad24-4754-8cac-c62b3de7d7f1,db6e2afa-8a33-4a3e-96b4-a592350a00ed,2024-04-20,Labour,Labour cost for Backup Power Systems,4794402.74,b55f6d95-eaaf-4c75-9e0a-c2c0769048af,NGN,2026-02-23 10:54:52.263832
80e86079-6d71-447c-9097-ff9c06e22804,db6e2afa-8a33-4a3e-96b4-a592350a00ed,2024-04-28,Overhead,Overhead cost for Backup Power Systems,4521192.24,0f114530-b671-47f9-a494-539a9a599ac1,NGN,2026-02-23 10:54:52.263841
2fdf4fb6-e629-4eca-9253-e3ad3b99ad22,db6e2afa-8a33-4a3e-96b4-a592350a00ed,2024-05-22,Overhead,Overhead cost for Backup Power Systems,1958525.14,f38f9485-f109-4472-a7ad-5667df4dac17,NGN,2026-02-23 10:54:52.263850
45ff5aef-2abb-4d50-87dd-de44ca37e41f,db6e2afa-8a33-4a3e-96b4-a592350a00ed,2024-05-04,Travel,Travel cost for Backup Power Systems,13457817.549999999,5cc0b0ed-6b6d-4ccb-b7ee-cf106f810020,NGN,2026-02-23 10:54:52.263858
